
			 	<?xml version="1.0" encoding="utf-8"?>
				<sanco-xmlgate:product>
					<sanco-xmlgate:productUUID>AE963DC1-EE6F-20CE-FFC3F4E714D8A4B6-33868CB8C989EB6D47AF5EB60E1DB170</sanco-xmlgate:productUUID>
					<sanco-xmlgate:cpnpReference>1005950</sanco-xmlgate:cpnpReference>
					<sanco-xmlgate:industryReference>N/A</sanco-xmlgate:industryReference>
					<sanco-xmlgate:orgID>765</sanco-xmlgate:orgID>					
					<sanco-xmlgate:status>AC</sanco-xmlgate:status> 
					<sanco-xmlgate:hasComponent>Y</sanco-xmlgate:hasComponent>
					<sanco-xmlgate:currentVersion>
						<sanco-xmlgate:generalInfo>
							<sanco-xmlgate:productNameList>
								
									<sanco-xmlgate:productName>	
										<sanco-xmlgate:name>Multiple product test</sanco-xmlgate:name>	
										<sanco-xmlgate:shade>yellow, orange, purple</sanco-xmlgate:shade>
										<sanco-xmlgate:language>EN</sanco-xmlgate:language>						
									</sanco-xmlgate:productName>	
																			
							</sanco-xmlgate:productNameList>
							<sanco-xmlgate:contactID>282</sanco-xmlgate:contactID>
							<sanco-xmlgate:orgID>765</sanco-xmlgate:orgID>	
							<sanco-xmlgate:under3year>N</sanco-xmlgate:under3year>
							<sanco-xmlgate:mstCty>GB</sanco-xmlgate:mstCty>
							<sanco-xmlgate:imported>N</sanco-xmlgate:imported>	
							<sanco-xmlgate:importedCty></sanco-xmlgate:importedCty>
							<sanco-xmlgate:packagingPhoto>	
								
							</sanco-xmlgate:packagingPhoto>
							<sanco-xmlgate:labelPhoto>								
															
							</sanco-xmlgate:labelPhoto>
							<sanco-xmlgate:label>test</sanco-xmlgate:label>
							<sanco-xmlgate:isMixed></sanco-xmlgate:isMixed>
							<sanco-xmlgate:phMinValue></sanco-xmlgate:phMinValue>
							<sanco-xmlgate:phMaxValue></sanco-xmlgate:phMaxValue>
							<sanco-xmlgate:stillOnTheMarket></sanco-xmlgate:stillOnTheMarket>
							<sanco-xmlgate:readyForMarket>Y</sanco-xmlgate:readyForMarket>							
							<sanco-xmlgate:modificationType>AC</sanco-xmlgate:modificationType>
							<sanco-xmlgate:modificationComment></sanco-xmlgate:modificationComment>
							<sanco-xmlgate:modificationDate>2018-10-10T15:10:50.00</sanco-xmlgate:modificationDate>
						</sanco-xmlgate:generalInfo>						
						<sanco-xmlgate:componentList>
							 
							<sanco-xmlgate:component>
								<sanco-xmlgate:componentNameList>
									
										<sanco-xmlgate:componentName>	
											<sanco-xmlgate:name>A</sanco-xmlgate:name>	
											<sanco-xmlgate:shade></sanco-xmlgate:shade>
											<sanco-xmlgate:language>EN</sanco-xmlgate:language>						
										</sanco-xmlgate:componentName>	
																							
								</sanco-xmlgate:componentNameList>
								<sanco-xmlgate:hasCmr>N</sanco-xmlgate:hasCmr>
								<sanco-xmlgate:cmrList>
																						
								</sanco-xmlgate:cmrList>
								<sanco-xmlgate:hasNano>N</sanco-xmlgate:hasNano>
								<sanco-xmlgate:nanoList>
									<sanco-xmlgate:exposureCondition>-1</sanco-xmlgate:exposureCondition>
									<sanco-xmlgate:exposureRoute>
																				
									</sanco-xmlgate:exposureRoute>
																		
								</sanco-xmlgate:nanoList>								
								<sanco-xmlgate:categorie1>100003</sanco-xmlgate:categorie1>	
								<sanco-xmlgate:categorie2>100159</sanco-xmlgate:categorie2>
								<sanco-xmlgate:categorie3>100210</sanco-xmlgate:categorie3>	
								<sanco-xmlgate:physicalForm>1</sanco-xmlgate:physicalForm>									
								<sanco-xmlgate:specialApplicator>N</sanco-xmlgate:specialApplicator>
								<sanco-xmlgate:applicator>-1</sanco-xmlgate:applicator>	
								
									<sanco-xmlgate:frameFormulation>100211</sanco-xmlgate:frameFormulation>
									<sanco-xmlgate:frameFormulationOther></sanco-xmlgate:frameFormulationOther>									
									<sanco-xmlgate:frameFormulationNumber>7.25 - 2013</sanco-xmlgate:frameFormulationNumber>
									<sanco-xmlgate:acutePoisoningInfo></sanco-xmlgate:acutePoisoningInfo>									
									<sanco-xmlgate:notificationType>2</sanco-xmlgate:notificationType>
									<sanco-xmlgate:hasEthanol></sanco-xmlgate:hasEthanol>
									<sanco-xmlgate:ethanolValue></sanco-xmlgate:ethanolValue>
									<sanco-xmlgate:isoPropanolValue></sanco-xmlgate:isoPropanolValue>
									
									<sanco-xmlgate:quetionList>
														
									</sanco-xmlgate:quetionList>
									<sanco-xmlgate:hasFormulaFile>N</sanco-xmlgate:hasFormulaFile>
									<sanco-xmlgate:formulaFile>
										<sanco-xmlgate:fileName></sanco-xmlgate:fileName>
										<sanco-xmlgate:file>https://webgate.acceptance.ec.europa.eu/cpnp/main/index.cfm?event=main.product.productDoc&amp;identifier=-1</sanco-xmlgate:file>
									</sanco-xmlgate:formulaFile>
									<sanco-xmlgate:exactFormulaList>
										
										<sanco-xmlgate:formula>
											<sanco-xmlgate:inciName>B</sanco-xmlgate:inciName>
											<sanco-xmlgate:quantity>99</sanco-xmlgate:quantity>										
										</sanco-xmlgate:formula>
										
										<sanco-xmlgate:formula>
											<sanco-xmlgate:inciName>A</sanco-xmlgate:inciName>
											<sanco-xmlgate:quantity>1</sanco-xmlgate:quantity>										
										</sanco-xmlgate:formula>
														
									</sanco-xmlgate:exactFormulaList>							
									
									<sanco-xmlgate:rangeFormulaList>
														
									</sanco-xmlgate:rangeFormulaList>
								
								<sanco-xmlgate:packagingPhoto>
									
								</sanco-xmlgate:packagingPhoto>
								<sanco-xmlgate:labelPhoto>
																	
								</sanco-xmlgate:labelPhoto>
								<sanco-xmlgate:label>test</sanco-xmlgate:label> 
							</sanco-xmlgate:component>
							 
							<sanco-xmlgate:component>
								<sanco-xmlgate:componentNameList>
									
										<sanco-xmlgate:componentName>	
											<sanco-xmlgate:name>B</sanco-xmlgate:name>	
											<sanco-xmlgate:shade></sanco-xmlgate:shade>
											<sanco-xmlgate:language>EN</sanco-xmlgate:language>						
										</sanco-xmlgate:componentName>	
																							
								</sanco-xmlgate:componentNameList>
								<sanco-xmlgate:hasCmr>N</sanco-xmlgate:hasCmr>
								<sanco-xmlgate:cmrList>
																						
								</sanco-xmlgate:cmrList>
								<sanco-xmlgate:hasNano>N</sanco-xmlgate:hasNano>
								<sanco-xmlgate:nanoList>
									<sanco-xmlgate:exposureCondition>-1</sanco-xmlgate:exposureCondition>
									<sanco-xmlgate:exposureRoute>
																				
									</sanco-xmlgate:exposureRoute>
																		
								</sanco-xmlgate:nanoList>								
								<sanco-xmlgate:categorie1>100003</sanco-xmlgate:categorie1>	
								<sanco-xmlgate:categorie2>100144</sanco-xmlgate:categorie2>
								<sanco-xmlgate:categorie3>100153</sanco-xmlgate:categorie3>	
								<sanco-xmlgate:physicalForm>1</sanco-xmlgate:physicalForm>									
								<sanco-xmlgate:specialApplicator>N</sanco-xmlgate:specialApplicator>
								<sanco-xmlgate:applicator>-1</sanco-xmlgate:applicator>	
								
									<sanco-xmlgate:frameFormulation>100154</sanco-xmlgate:frameFormulation>
									<sanco-xmlgate:frameFormulationOther></sanco-xmlgate:frameFormulationOther>									
									<sanco-xmlgate:frameFormulationNumber>6.7 - 2013</sanco-xmlgate:frameFormulationNumber>
									<sanco-xmlgate:acutePoisoningInfo></sanco-xmlgate:acutePoisoningInfo>									
									<sanco-xmlgate:notificationType>2</sanco-xmlgate:notificationType>
									<sanco-xmlgate:hasEthanol></sanco-xmlgate:hasEthanol>
									<sanco-xmlgate:ethanolValue></sanco-xmlgate:ethanolValue>
									<sanco-xmlgate:isoPropanolValue></sanco-xmlgate:isoPropanolValue>
									
									<sanco-xmlgate:quetionList>
														
									</sanco-xmlgate:quetionList>
									<sanco-xmlgate:hasFormulaFile>N</sanco-xmlgate:hasFormulaFile>
									<sanco-xmlgate:formulaFile>
										<sanco-xmlgate:fileName></sanco-xmlgate:fileName>
										<sanco-xmlgate:file>https://webgate.acceptance.ec.europa.eu/cpnp/main/index.cfm?event=main.product.productDoc&amp;identifier=-1</sanco-xmlgate:file>
									</sanco-xmlgate:formulaFile>
									<sanco-xmlgate:exactFormulaList>
										
										<sanco-xmlgate:formula>
											<sanco-xmlgate:inciName>B</sanco-xmlgate:inciName>
											<sanco-xmlgate:quantity>99</sanco-xmlgate:quantity>										
										</sanco-xmlgate:formula>
										
										<sanco-xmlgate:formula>
											<sanco-xmlgate:inciName>A</sanco-xmlgate:inciName>
											<sanco-xmlgate:quantity>1</sanco-xmlgate:quantity>										
										</sanco-xmlgate:formula>
														
									</sanco-xmlgate:exactFormulaList>							
									
									<sanco-xmlgate:rangeFormulaList>
														
									</sanco-xmlgate:rangeFormulaList>
								
								<sanco-xmlgate:packagingPhoto>
									
								</sanco-xmlgate:packagingPhoto>
								<sanco-xmlgate:labelPhoto>
																	
								</sanco-xmlgate:labelPhoto>
								<sanco-xmlgate:label>test</sanco-xmlgate:label> 
							</sanco-xmlgate:component>
							
						</sanco-xmlgate:componentList>
					</sanco-xmlgate:currentVersion>
					
					<sanco-xmlgate:versionList>
					
						<sanco-xmlgate:version>
							<sanco-xmlgate:generalInfo>
								<sanco-xmlgate:productNameList>
									
									<sanco-xmlgate:productName>	
										<sanco-xmlgate:name>Multiple product test</sanco-xmlgate:name>	
										<sanco-xmlgate:shade>yellow, orange, purple</sanco-xmlgate:shade>
										<sanco-xmlgate:language>EN</sanco-xmlgate:language>						
									</sanco-xmlgate:productName>	
													
								</sanco-xmlgate:productNameList>
								<sanco-xmlgate:contactID>282</sanco-xmlgate:contactID>
								<sanco-xmlgate:orgID>765</sanco-xmlgate:orgID>
								<sanco-xmlgate:under3year>N</sanco-xmlgate:under3year>	
								<sanco-xmlgate:mstCty>GB</sanco-xmlgate:mstCty>
								<sanco-xmlgate:imported>N</sanco-xmlgate:imported>	
								<sanco-xmlgate:importedCty></sanco-xmlgate:importedCty>
								<sanco-xmlgate:packagingPhoto>	
									
								</sanco-xmlgate:packagingPhoto>
								<sanco-xmlgate:labelPhoto>								
																
								</sanco-xmlgate:labelPhoto>
								<sanco-xmlgate:label>test</sanco-xmlgate:label>
								<sanco-xmlgate:isMixed></sanco-xmlgate:isMixed>
								<sanco-xmlgate:phMinValue></sanco-xmlgate:phMinValue>
								<sanco-xmlgate:phMaxValue></sanco-xmlgate:phMaxValue>
								<sanco-xmlgate:stillOnTheMarket></sanco-xmlgate:stillOnTheMarket>
								<sanco-xmlgate:readyForMarket>Y</sanco-xmlgate:readyForMarket>							
								<sanco-xmlgate:modificationType>AC</sanco-xmlgate:modificationType>
								<sanco-xmlgate:modificationComment></sanco-xmlgate:modificationComment>
								<sanco-xmlgate:modificationDate>2018-10-10T15:10:50.00</sanco-xmlgate:modificationDate>								
							</sanco-xmlgate:generalInfo>
							<sanco-xmlgate:componentList>
								 
									<sanco-xmlgate:component>
										<sanco-xmlgate:componentNameList>
											
												<sanco-xmlgate:componentName>	
													<sanco-xmlgate:name>A</sanco-xmlgate:name>	
													<sanco-xmlgate:shade></sanco-xmlgate:shade>
													<sanco-xmlgate:language>EN</sanco-xmlgate:language>						
												</sanco-xmlgate:componentName>	
																									
										</sanco-xmlgate:componentNameList>
										<sanco-xmlgate:hasCmr>N</sanco-xmlgate:hasCmr>
										<sanco-xmlgate:cmrList>
																								
										</sanco-xmlgate:cmrList>
										<sanco-xmlgate:hasNano>N</sanco-xmlgate:hasNano>										
										<sanco-xmlgate:nanoList>
											<sanco-xmlgate:exposureCondition>-1</sanco-xmlgate:exposureCondition>
											<sanco-xmlgate:exposureRoute>
																						
											</sanco-xmlgate:exposureRoute>
																				
										</sanco-xmlgate:nanoList>
										<sanco-xmlgate:categorie1>100003</sanco-xmlgate:categorie1>	
										<sanco-xmlgate:categorie2>100159</sanco-xmlgate:categorie2>
										<sanco-xmlgate:categorie3>100210</sanco-xmlgate:categorie3>	
										<sanco-xmlgate:physicalForm>1</sanco-xmlgate:physicalForm>											
										<sanco-xmlgate:specialApplicator>N</sanco-xmlgate:specialApplicator>
										<sanco-xmlgate:applicator>-1</sanco-xmlgate:applicator>	
											
										
											<sanco-xmlgate:frameFormulation>100211</sanco-xmlgate:frameFormulation>
											<sanco-xmlgate:frameFormulationOther></sanco-xmlgate:frameFormulationOther>
											<sanco-xmlgate:frameFormulationNumber>7.25 - 2013</sanco-xmlgate:frameFormulationNumber>
											<sanco-xmlgate:acutePoisoningInfo></sanco-xmlgate:acutePoisoningInfo>									
											<sanco-xmlgate:notificationType>2</sanco-xmlgate:notificationType>
											<sanco-xmlgate:hasEthanol></sanco-xmlgate:hasEthanol>
											<sanco-xmlgate:ethanolValue></sanco-xmlgate:ethanolValue>
											<sanco-xmlgate:isoPropanolValue></sanco-xmlgate:isoPropanolValue>
											
											<sanco-xmlgate:quetionList>
																
											</sanco-xmlgate:quetionList>
											<sanco-xmlgate:hasFormulaFile>N</sanco-xmlgate:hasFormulaFile>
											<sanco-xmlgate:formulaFile>
												<sanco-xmlgate:fileName></sanco-xmlgate:fileName>
												<sanco-xmlgate:file>https://webgate.acceptance.ec.europa.eu/cpnp/main/index.cfm?event=main.product.productDoc&amp;identifier=-1</sanco-xmlgate:file>
											</sanco-xmlgate:formulaFile>
											<sanco-xmlgate:exactFormulaList>
												
												<sanco-xmlgate:formula>
													<sanco-xmlgate:inciName>B</sanco-xmlgate:inciName>
													<sanco-xmlgate:quantity>99</sanco-xmlgate:quantity>										
												</sanco-xmlgate:formula>
												
												<sanco-xmlgate:formula>
													<sanco-xmlgate:inciName>A</sanco-xmlgate:inciName>
													<sanco-xmlgate:quantity>1</sanco-xmlgate:quantity>										
												</sanco-xmlgate:formula>
																
											</sanco-xmlgate:exactFormulaList>							
											
											<sanco-xmlgate:rangeFormulaList>
																
											</sanco-xmlgate:rangeFormulaList>										
										
										
										<sanco-xmlgate:packagingPhoto>	
											
										</sanco-xmlgate:packagingPhoto>
										<sanco-xmlgate:labelPhoto>								
																		
										</sanco-xmlgate:labelPhoto>
										<sanco-xmlgate:label>test</sanco-xmlgate:label> 
									</sanco-xmlgate:component>
								 
									<sanco-xmlgate:component>
										<sanco-xmlgate:componentNameList>
											
												<sanco-xmlgate:componentName>	
													<sanco-xmlgate:name>B</sanco-xmlgate:name>	
													<sanco-xmlgate:shade></sanco-xmlgate:shade>
													<sanco-xmlgate:language>EN</sanco-xmlgate:language>						
												</sanco-xmlgate:componentName>	
																									
										</sanco-xmlgate:componentNameList>
										<sanco-xmlgate:hasCmr>N</sanco-xmlgate:hasCmr>
										<sanco-xmlgate:cmrList>
																								
										</sanco-xmlgate:cmrList>
										<sanco-xmlgate:hasNano>N</sanco-xmlgate:hasNano>										
										<sanco-xmlgate:nanoList>
											<sanco-xmlgate:exposureCondition>-1</sanco-xmlgate:exposureCondition>
											<sanco-xmlgate:exposureRoute>
																						
											</sanco-xmlgate:exposureRoute>
																				
										</sanco-xmlgate:nanoList>
										<sanco-xmlgate:categorie1>100003</sanco-xmlgate:categorie1>	
										<sanco-xmlgate:categorie2>100144</sanco-xmlgate:categorie2>
										<sanco-xmlgate:categorie3>100153</sanco-xmlgate:categorie3>	
										<sanco-xmlgate:physicalForm>1</sanco-xmlgate:physicalForm>											
										<sanco-xmlgate:specialApplicator>N</sanco-xmlgate:specialApplicator>
										<sanco-xmlgate:applicator>-1</sanco-xmlgate:applicator>	
											
										
											<sanco-xmlgate:frameFormulation>100154</sanco-xmlgate:frameFormulation>
											<sanco-xmlgate:frameFormulationOther></sanco-xmlgate:frameFormulationOther>
											<sanco-xmlgate:frameFormulationNumber>6.7 - 2013</sanco-xmlgate:frameFormulationNumber>
											<sanco-xmlgate:acutePoisoningInfo></sanco-xmlgate:acutePoisoningInfo>									
											<sanco-xmlgate:notificationType>2</sanco-xmlgate:notificationType>
											<sanco-xmlgate:hasEthanol></sanco-xmlgate:hasEthanol>
											<sanco-xmlgate:ethanolValue></sanco-xmlgate:ethanolValue>
											<sanco-xmlgate:isoPropanolValue></sanco-xmlgate:isoPropanolValue>
											
											<sanco-xmlgate:quetionList>
																
											</sanco-xmlgate:quetionList>
											<sanco-xmlgate:hasFormulaFile>N</sanco-xmlgate:hasFormulaFile>
											<sanco-xmlgate:formulaFile>
												<sanco-xmlgate:fileName></sanco-xmlgate:fileName>
												<sanco-xmlgate:file>https://webgate.acceptance.ec.europa.eu/cpnp/main/index.cfm?event=main.product.productDoc&amp;identifier=-1</sanco-xmlgate:file>
											</sanco-xmlgate:formulaFile>
											<sanco-xmlgate:exactFormulaList>
												
												<sanco-xmlgate:formula>
													<sanco-xmlgate:inciName>B</sanco-xmlgate:inciName>
													<sanco-xmlgate:quantity>99</sanco-xmlgate:quantity>										
												</sanco-xmlgate:formula>
												
												<sanco-xmlgate:formula>
													<sanco-xmlgate:inciName>A</sanco-xmlgate:inciName>
													<sanco-xmlgate:quantity>1</sanco-xmlgate:quantity>										
												</sanco-xmlgate:formula>
																
											</sanco-xmlgate:exactFormulaList>							
											
											<sanco-xmlgate:rangeFormulaList>
																
											</sanco-xmlgate:rangeFormulaList>										
										
										
										<sanco-xmlgate:packagingPhoto>	
											
										</sanco-xmlgate:packagingPhoto>
										<sanco-xmlgate:labelPhoto>								
																		
										</sanco-xmlgate:labelPhoto>
										<sanco-xmlgate:label>test</sanco-xmlgate:label> 
									</sanco-xmlgate:component>
								
							</sanco-xmlgate:componentList>
						</sanco-xmlgate:version>
						
					</sanco-xmlgate:versionList>										
				</sanco-xmlgate:product>
				
			
