
			 	<?xml version="1.0" encoding="utf-8"?>
				<sanco-xmlgate:product>
					<sanco-xmlgate:productUUID>D1AFFFA8-D1ED-453F-6433FB1A17FD977C-1845D14EF37212BC4CCA80862C44D080</sanco-xmlgate:productUUID>
					<sanco-xmlgate:cpnpReference>100608777</sanco-xmlgate:cpnpReference>
					<sanco-xmlgate:industryReference>N/A</sanco-xmlgate:industryReference>
					<sanco-xmlgate:orgID>765</sanco-xmlgate:orgID>					
					<sanco-xmlgate:status>AC</sanco-xmlgate:status> 
					<sanco-xmlgate:hasComponent>Y</sanco-xmlgate:hasComponent>
					<sanco-xmlgate:currentVersion>
						<sanco-xmlgate:generalInfo>
							<sanco-xmlgate:productNameList>
								
									<sanco-xmlgate:productName>	
										<sanco-xmlgate:name>Multi-Item-RangeDoc_pHRange_ExactDoc_Nano</sanco-xmlgate:name>	
										<sanco-xmlgate:shade>black/brown</sanco-xmlgate:shade>
										<sanco-xmlgate:language>AA</sanco-xmlgate:language>						
									</sanco-xmlgate:productName>	
																			
							</sanco-xmlgate:productNameList>
							<sanco-xmlgate:contactID>990</sanco-xmlgate:contactID>
							<sanco-xmlgate:orgID>765</sanco-xmlgate:orgID>	
							<sanco-xmlgate:under3year>N</sanco-xmlgate:under3year>
							<sanco-xmlgate:mstCty>GB</sanco-xmlgate:mstCty>
							<sanco-xmlgate:imported>N</sanco-xmlgate:imported>	
							<sanco-xmlgate:importedCty></sanco-xmlgate:importedCty>
							<sanco-xmlgate:packagingPhoto>	
								
							</sanco-xmlgate:packagingPhoto>
							<sanco-xmlgate:labelPhoto>								
															
							</sanco-xmlgate:labelPhoto>
							<sanco-xmlgate:label>Test</sanco-xmlgate:label>
							<sanco-xmlgate:isMixed></sanco-xmlgate:isMixed>
							<sanco-xmlgate:phMinValue></sanco-xmlgate:phMinValue>
							<sanco-xmlgate:phMaxValue></sanco-xmlgate:phMaxValue>
							<sanco-xmlgate:stillOnTheMarket></sanco-xmlgate:stillOnTheMarket>
							<sanco-xmlgate:readyForMarket>Y</sanco-xmlgate:readyForMarket>							
							<sanco-xmlgate:modificationType>AC</sanco-xmlgate:modificationType>
							<sanco-xmlgate:modificationComment></sanco-xmlgate:modificationComment>
							<sanco-xmlgate:modificationDate>2020-01-16T14:01:16.00</sanco-xmlgate:modificationDate>
						</sanco-xmlgate:generalInfo>						
						<sanco-xmlgate:componentList>
							 
							<sanco-xmlgate:component>
								<sanco-xmlgate:componentNameList>
									
										<sanco-xmlgate:componentName>	
											<sanco-xmlgate:name>RangeDoc</sanco-xmlgate:name>	
											<sanco-xmlgate:shade></sanco-xmlgate:shade>
											<sanco-xmlgate:language>AA</sanco-xmlgate:language>						
										</sanco-xmlgate:componentName>	
																							
								</sanco-xmlgate:componentNameList>
								<sanco-xmlgate:hasCmr>N</sanco-xmlgate:hasCmr>
								<sanco-xmlgate:cmrList>
																						
								</sanco-xmlgate:cmrList>
								<sanco-xmlgate:hasNano>Y</sanco-xmlgate:hasNano>
								<sanco-xmlgate:nanoList>
									<sanco-xmlgate:exposureCondition>2</sanco-xmlgate:exposureCondition>
									<sanco-xmlgate:exposureRoute>
										
											<sanco-xmlgate:exposureID>3</sanco-xmlgate:exposureID>
										
											<sanco-xmlgate:exposureID>4</sanco-xmlgate:exposureID>
																				
									</sanco-xmlgate:exposureRoute>
									
										<sanco-xmlgate:nano>
											<sanco-xmlgate:inciName>TRIS-BIPHENYL TRIAZINE / TRIS-BIPHENYL TRIAZINE (NANO)</sanco-xmlgate:inciName>
											<sanco-xmlgate:innName></sanco-xmlgate:innName>
											<sanco-xmlgate:iupacName>1,3,5-Triazine, 2,4,6-tris(1,1</sanco-xmlgate:iupacName>
											<sanco-xmlgate:xanName></sanco-xmlgate:xanName>
											<sanco-xmlgate:casNumber>31274-51-8</sanco-xmlgate:casNumber>
											<sanco-xmlgate:ecNumber>31274-51-8</sanco-xmlgate:ecNumber>
											<sanco-xmlgate:einecsNumber></sanco-xmlgate:einecsNumber>
											<sanco-xmlgate:elincsNumber></sanco-xmlgate:elincsNumber>											
										</sanco-xmlgate:nano>		
									
										<sanco-xmlgate:nano>
											<sanco-xmlgate:inciName>METHYLENE BIS-BENZOTRIAZOLYL TETRAMETHYLBUTYLPHENOL (NANO)</sanco-xmlgate:inciName>
											<sanco-xmlgate:innName></sanco-xmlgate:innName>
											<sanco-xmlgate:iupacName>2,2′-Methylene-bis(6-(2H-benzotriazol-2-yl)-4- (1,1,3,3-tetramethylbutyl)phenol)/BisoctrizoleMethylene Bis- Benzotriazolyl Tetramethylbutylphenol (nano)</sanco-xmlgate:iupacName>
											<sanco-xmlgate:xanName></sanco-xmlgate:xanName>
											<sanco-xmlgate:casNumber>103597-45-1</sanco-xmlgate:casNumber>
											<sanco-xmlgate:ecNumber>103597-45-1</sanco-xmlgate:ecNumber>
											<sanco-xmlgate:einecsNumber></sanco-xmlgate:einecsNumber>
											<sanco-xmlgate:elincsNumber></sanco-xmlgate:elincsNumber>											
										</sanco-xmlgate:nano>		
																		
								</sanco-xmlgate:nanoList>								
								<sanco-xmlgate:categorie1>100255</sanco-xmlgate:categorie1>	
								<sanco-xmlgate:categorie2>100284</sanco-xmlgate:categorie2>
								<sanco-xmlgate:categorie3>100293</sanco-xmlgate:categorie3>	
								<sanco-xmlgate:physicalForm>3</sanco-xmlgate:physicalForm>									
								<sanco-xmlgate:specialApplicator>N</sanco-xmlgate:specialApplicator>
								<sanco-xmlgate:applicator>-1</sanco-xmlgate:applicator>	
								
									<sanco-xmlgate:frameFormulation>100296</sanco-xmlgate:frameFormulation>
									<sanco-xmlgate:frameFormulationOther></sanco-xmlgate:frameFormulationOther>									
									<sanco-xmlgate:frameFormulationNumber>11.3 - 2013</sanco-xmlgate:frameFormulationNumber>
									<sanco-xmlgate:acutePoisoningInfo></sanco-xmlgate:acutePoisoningInfo>									
									<sanco-xmlgate:notificationType>3</sanco-xmlgate:notificationType>
									<sanco-xmlgate:hasEthanol></sanco-xmlgate:hasEthanol>
									<sanco-xmlgate:ethanolValue></sanco-xmlgate:ethanolValue>
									<sanco-xmlgate:isoPropanolValue></sanco-xmlgate:isoPropanolValue>
									
									<sanco-xmlgate:quetionList>
											
											<sanco-xmlgate:question>
												<sanco-xmlgate:questionID>100026</sanco-xmlgate:questionID>
																							
													<sanco-xmlgate:questionElement>
														<sanco-xmlgate:answerOrder>1</sanco-xmlgate:answerOrder>
														<sanco-xmlgate:answer>NA</sanco-xmlgate:answer>
														<sanco-xmlgate:elementID>1</sanco-xmlgate:elementID>
														<sanco-xmlgate:elementOrder>1</sanco-xmlgate:elementOrder>
													</sanco-xmlgate:questionElement>
													
											</sanco-xmlgate:question>
											
											<sanco-xmlgate:question>
												<sanco-xmlgate:questionID>100027</sanco-xmlgate:questionID>
																							
													<sanco-xmlgate:questionElement>
														<sanco-xmlgate:answerOrder>1</sanco-xmlgate:answerOrder>
														<sanco-xmlgate:answer>NA</sanco-xmlgate:answer>
														<sanco-xmlgate:elementID>1</sanco-xmlgate:elementID>
														<sanco-xmlgate:elementOrder>1</sanco-xmlgate:elementOrder>
													</sanco-xmlgate:questionElement>
													
											</sanco-xmlgate:question>
											
											<sanco-xmlgate:question>
												<sanco-xmlgate:questionID>100013</sanco-xmlgate:questionID>
																							
													<sanco-xmlgate:questionElement>
														<sanco-xmlgate:answerOrder>1</sanco-xmlgate:answerOrder>
														<sanco-xmlgate:answer>NA</sanco-xmlgate:answer>
														<sanco-xmlgate:elementID>1</sanco-xmlgate:elementID>
														<sanco-xmlgate:elementOrder>1</sanco-xmlgate:elementOrder>
													</sanco-xmlgate:questionElement>
													
											</sanco-xmlgate:question>
											
											<sanco-xmlgate:question>
												<sanco-xmlgate:questionID>100024</sanco-xmlgate:questionID>
																							
													<sanco-xmlgate:questionElement>
														<sanco-xmlgate:answerOrder>1</sanco-xmlgate:answerOrder>
														<sanco-xmlgate:answer>NA</sanco-xmlgate:answer>
														<sanco-xmlgate:elementID>1</sanco-xmlgate:elementID>
														<sanco-xmlgate:elementOrder>1</sanco-xmlgate:elementOrder>
													</sanco-xmlgate:questionElement>
													
											</sanco-xmlgate:question>
											
											<sanco-xmlgate:question>
												<sanco-xmlgate:questionID>100025</sanco-xmlgate:questionID>
																							
													<sanco-xmlgate:questionElement>
														<sanco-xmlgate:answerOrder>1</sanco-xmlgate:answerOrder>
														<sanco-xmlgate:answer>NA</sanco-xmlgate:answer>
														<sanco-xmlgate:elementID>1</sanco-xmlgate:elementID>
														<sanco-xmlgate:elementOrder>1</sanco-xmlgate:elementOrder>
													</sanco-xmlgate:questionElement>
													
											</sanco-xmlgate:question>
											
											<sanco-xmlgate:question>
												<sanco-xmlgate:questionID>100023</sanco-xmlgate:questionID>
																							
													<sanco-xmlgate:questionElement>
														<sanco-xmlgate:answerOrder>1</sanco-xmlgate:answerOrder>
														<sanco-xmlgate:answer>4</sanco-xmlgate:answer>
														<sanco-xmlgate:elementID>100037</sanco-xmlgate:elementID>
														<sanco-xmlgate:elementOrder>1</sanco-xmlgate:elementOrder>
													</sanco-xmlgate:questionElement>
																							
													<sanco-xmlgate:questionElement>
														<sanco-xmlgate:answerOrder>1</sanco-xmlgate:answerOrder>
														<sanco-xmlgate:answer>5</sanco-xmlgate:answer>
														<sanco-xmlgate:elementID>100038</sanco-xmlgate:elementID>
														<sanco-xmlgate:elementOrder>2</sanco-xmlgate:elementOrder>
													</sanco-xmlgate:questionElement>
													
											</sanco-xmlgate:question>
														
									</sanco-xmlgate:quetionList>
									<sanco-xmlgate:hasFormulaFile>Y</sanco-xmlgate:hasFormulaFile>
									<sanco-xmlgate:formulaFile>
										<sanco-xmlgate:fileName></sanco-xmlgate:fileName>
										<sanco-xmlgate:file>https://webgate.acceptance.ec.europa.eu/cpnp/main/index.cfm?event=main.product.productDoc&amp;identifier=17146</sanco-xmlgate:file>
									</sanco-xmlgate:formulaFile>
									<sanco-xmlgate:exactFormulaList>
														
									</sanco-xmlgate:exactFormulaList>							
									
									<sanco-xmlgate:rangeFormulaList>
														
									</sanco-xmlgate:rangeFormulaList>
								
								<sanco-xmlgate:packagingPhoto>
									
								</sanco-xmlgate:packagingPhoto>
								<sanco-xmlgate:labelPhoto>
																	
								</sanco-xmlgate:labelPhoto>
								<sanco-xmlgate:label></sanco-xmlgate:label> 
							</sanco-xmlgate:component>
							 
							<sanco-xmlgate:component>
								<sanco-xmlgate:componentNameList>
									
										<sanco-xmlgate:componentName>	
											<sanco-xmlgate:name>ExactValues</sanco-xmlgate:name>	
											<sanco-xmlgate:shade></sanco-xmlgate:shade>
											<sanco-xmlgate:language>AA</sanco-xmlgate:language>						
										</sanco-xmlgate:componentName>	
																							
								</sanco-xmlgate:componentNameList>
								<sanco-xmlgate:hasCmr>N</sanco-xmlgate:hasCmr>
								<sanco-xmlgate:cmrList>
																						
								</sanco-xmlgate:cmrList>
								<sanco-xmlgate:hasNano>Y</sanco-xmlgate:hasNano>
								<sanco-xmlgate:nanoList>
									<sanco-xmlgate:exposureCondition>1</sanco-xmlgate:exposureCondition>
									<sanco-xmlgate:exposureRoute>
										
											<sanco-xmlgate:exposureID>3</sanco-xmlgate:exposureID>
																				
									</sanco-xmlgate:exposureRoute>
									
										<sanco-xmlgate:nano>
											<sanco-xmlgate:inciName>METHYLENE BIS-BENZOTRIAZOLYL TETRAMETHYLBUTYLPHENOL (NANO)</sanco-xmlgate:inciName>
											<sanco-xmlgate:innName></sanco-xmlgate:innName>
											<sanco-xmlgate:iupacName>2,2′-Methylene-bis(6-(2H-benzotriazol-2-yl)-4- (1,1,3,3-tetramethylbutyl)phenol)/BisoctrizoleMethylene Bis- Benzotriazolyl Tetramethylbutylphenol (nano)</sanco-xmlgate:iupacName>
											<sanco-xmlgate:xanName></sanco-xmlgate:xanName>
											<sanco-xmlgate:casNumber>103597-45-1</sanco-xmlgate:casNumber>
											<sanco-xmlgate:ecNumber>103597-45-1</sanco-xmlgate:ecNumber>
											<sanco-xmlgate:einecsNumber></sanco-xmlgate:einecsNumber>
											<sanco-xmlgate:elincsNumber></sanco-xmlgate:elincsNumber>											
										</sanco-xmlgate:nano>		
																		
								</sanco-xmlgate:nanoList>								
								<sanco-xmlgate:categorie1>100003</sanco-xmlgate:categorie1>	
								<sanco-xmlgate:categorie2>100087</sanco-xmlgate:categorie2>
								<sanco-xmlgate:categorie3>100092</sanco-xmlgate:categorie3>	
								<sanco-xmlgate:physicalForm>2</sanco-xmlgate:physicalForm>									
								<sanco-xmlgate:specialApplicator>N</sanco-xmlgate:specialApplicator>
								<sanco-xmlgate:applicator>-1</sanco-xmlgate:applicator>	
								
									<sanco-xmlgate:frameFormulation>100090</sanco-xmlgate:frameFormulation>
									<sanco-xmlgate:frameFormulationOther></sanco-xmlgate:frameFormulationOther>									
									<sanco-xmlgate:frameFormulationNumber>2.9 - 2013</sanco-xmlgate:frameFormulationNumber>
									<sanco-xmlgate:acutePoisoningInfo>Test</sanco-xmlgate:acutePoisoningInfo>									
									<sanco-xmlgate:notificationType>2</sanco-xmlgate:notificationType>
									<sanco-xmlgate:hasEthanol></sanco-xmlgate:hasEthanol>
									<sanco-xmlgate:ethanolValue></sanco-xmlgate:ethanolValue>
									<sanco-xmlgate:isoPropanolValue></sanco-xmlgate:isoPropanolValue>
									
									<sanco-xmlgate:quetionList>
														
									</sanco-xmlgate:quetionList>
									<sanco-xmlgate:hasFormulaFile>Y</sanco-xmlgate:hasFormulaFile>
									<sanco-xmlgate:formulaFile>
										<sanco-xmlgate:fileName></sanco-xmlgate:fileName>
										<sanco-xmlgate:file>https://webgate.acceptance.ec.europa.eu/cpnp/main/index.cfm?event=main.product.productDoc&amp;identifier=17147</sanco-xmlgate:file>
									</sanco-xmlgate:formulaFile>
									<sanco-xmlgate:exactFormulaList>
														
									</sanco-xmlgate:exactFormulaList>							
									
									<sanco-xmlgate:rangeFormulaList>
														
									</sanco-xmlgate:rangeFormulaList>
								
								<sanco-xmlgate:packagingPhoto>
									
								</sanco-xmlgate:packagingPhoto>
								<sanco-xmlgate:labelPhoto>
																	
								</sanco-xmlgate:labelPhoto>
								<sanco-xmlgate:label></sanco-xmlgate:label> 
							</sanco-xmlgate:component>
							
						</sanco-xmlgate:componentList>
					</sanco-xmlgate:currentVersion>
					
					<sanco-xmlgate:versionList>
					
						<sanco-xmlgate:version>
							<sanco-xmlgate:generalInfo>
								<sanco-xmlgate:productNameList>
									
									<sanco-xmlgate:productName>	
										<sanco-xmlgate:name>Multi-Item-RangeDoc_pHRange_ExactDoc_Nano</sanco-xmlgate:name>	
										<sanco-xmlgate:shade>black/brown</sanco-xmlgate:shade>
										<sanco-xmlgate:language>AA</sanco-xmlgate:language>						
									</sanco-xmlgate:productName>	
													
								</sanco-xmlgate:productNameList>
								<sanco-xmlgate:contactID>990</sanco-xmlgate:contactID>
								<sanco-xmlgate:orgID>765</sanco-xmlgate:orgID>
								<sanco-xmlgate:under3year>N</sanco-xmlgate:under3year>	
								<sanco-xmlgate:mstCty>GB</sanco-xmlgate:mstCty>
								<sanco-xmlgate:imported>N</sanco-xmlgate:imported>	
								<sanco-xmlgate:importedCty></sanco-xmlgate:importedCty>
								<sanco-xmlgate:packagingPhoto>	
									
								</sanco-xmlgate:packagingPhoto>
								<sanco-xmlgate:labelPhoto>								
																
								</sanco-xmlgate:labelPhoto>
								<sanco-xmlgate:label>Test</sanco-xmlgate:label>
								<sanco-xmlgate:isMixed></sanco-xmlgate:isMixed>
								<sanco-xmlgate:phMinValue></sanco-xmlgate:phMinValue>
								<sanco-xmlgate:phMaxValue></sanco-xmlgate:phMaxValue>
								<sanco-xmlgate:stillOnTheMarket></sanco-xmlgate:stillOnTheMarket>
								<sanco-xmlgate:readyForMarket>Y</sanco-xmlgate:readyForMarket>							
								<sanco-xmlgate:modificationType>AC</sanco-xmlgate:modificationType>
								<sanco-xmlgate:modificationComment></sanco-xmlgate:modificationComment>
								<sanco-xmlgate:modificationDate>2020-01-16T14:01:16.00</sanco-xmlgate:modificationDate>								
							</sanco-xmlgate:generalInfo>
							<sanco-xmlgate:componentList>
								 
									<sanco-xmlgate:component>
										<sanco-xmlgate:componentNameList>
											
												<sanco-xmlgate:componentName>	
													<sanco-xmlgate:name>RangeDoc</sanco-xmlgate:name>	
													<sanco-xmlgate:shade></sanco-xmlgate:shade>
													<sanco-xmlgate:language>AA</sanco-xmlgate:language>						
												</sanco-xmlgate:componentName>	
																									
										</sanco-xmlgate:componentNameList>
										<sanco-xmlgate:hasCmr>N</sanco-xmlgate:hasCmr>
										<sanco-xmlgate:cmrList>
																								
										</sanco-xmlgate:cmrList>
										<sanco-xmlgate:hasNano>Y</sanco-xmlgate:hasNano>										
										<sanco-xmlgate:nanoList>
											<sanco-xmlgate:exposureCondition>2</sanco-xmlgate:exposureCondition>
											<sanco-xmlgate:exposureRoute>
												
													<sanco-xmlgate:exposureID>3</sanco-xmlgate:exposureID>
												
													<sanco-xmlgate:exposureID>4</sanco-xmlgate:exposureID>
																						
											</sanco-xmlgate:exposureRoute>
											
												<sanco-xmlgate:nano>
													<sanco-xmlgate:inciName>TRIS-BIPHENYL TRIAZINE / TRIS-BIPHENYL TRIAZINE (NANO)</sanco-xmlgate:inciName>
													<sanco-xmlgate:innName></sanco-xmlgate:innName>
													<sanco-xmlgate:iupacName>1,3,5-Triazine, 2,4,6-tris(1,1</sanco-xmlgate:iupacName>
													<sanco-xmlgate:xanName></sanco-xmlgate:xanName>
													<sanco-xmlgate:casNumber>31274-51-8</sanco-xmlgate:casNumber>
													<sanco-xmlgate:ecNumber>31274-51-8</sanco-xmlgate:ecNumber>
													<sanco-xmlgate:einecsNumber></sanco-xmlgate:einecsNumber>
													<sanco-xmlgate:elincsNumber></sanco-xmlgate:elincsNumber>												
												</sanco-xmlgate:nano>		
											
												<sanco-xmlgate:nano>
													<sanco-xmlgate:inciName>METHYLENE BIS-BENZOTRIAZOLYL TETRAMETHYLBUTYLPHENOL (NANO)</sanco-xmlgate:inciName>
													<sanco-xmlgate:innName></sanco-xmlgate:innName>
													<sanco-xmlgate:iupacName>2,2′-Methylene-bis(6-(2H-benzotriazol-2-yl)-4- (1,1,3,3-tetramethylbutyl)phenol)/BisoctrizoleMethylene Bis- Benzotriazolyl Tetramethylbutylphenol (nano)</sanco-xmlgate:iupacName>
													<sanco-xmlgate:xanName></sanco-xmlgate:xanName>
													<sanco-xmlgate:casNumber>103597-45-1</sanco-xmlgate:casNumber>
													<sanco-xmlgate:ecNumber>103597-45-1</sanco-xmlgate:ecNumber>
													<sanco-xmlgate:einecsNumber></sanco-xmlgate:einecsNumber>
													<sanco-xmlgate:elincsNumber></sanco-xmlgate:elincsNumber>												
												</sanco-xmlgate:nano>		
																				
										</sanco-xmlgate:nanoList>
										<sanco-xmlgate:categorie1>100255</sanco-xmlgate:categorie1>	
										<sanco-xmlgate:categorie2>100284</sanco-xmlgate:categorie2>
										<sanco-xmlgate:categorie3>100293</sanco-xmlgate:categorie3>	
										<sanco-xmlgate:physicalForm>3</sanco-xmlgate:physicalForm>											
										<sanco-xmlgate:specialApplicator>N</sanco-xmlgate:specialApplicator>
										<sanco-xmlgate:applicator>-1</sanco-xmlgate:applicator>	
											
										
											<sanco-xmlgate:frameFormulation>100296</sanco-xmlgate:frameFormulation>
											<sanco-xmlgate:frameFormulationOther></sanco-xmlgate:frameFormulationOther>
											<sanco-xmlgate:frameFormulationNumber>11.3 - 2013</sanco-xmlgate:frameFormulationNumber>
											<sanco-xmlgate:acutePoisoningInfo></sanco-xmlgate:acutePoisoningInfo>									
											<sanco-xmlgate:notificationType>3</sanco-xmlgate:notificationType>
											<sanco-xmlgate:hasEthanol></sanco-xmlgate:hasEthanol>
											<sanco-xmlgate:ethanolValue></sanco-xmlgate:ethanolValue>
											<sanco-xmlgate:isoPropanolValue></sanco-xmlgate:isoPropanolValue>
											
											<sanco-xmlgate:quetionList>
													
													<sanco-xmlgate:question>
														<sanco-xmlgate:questionID>100026</sanco-xmlgate:questionID>
																									
															<sanco-xmlgate:questionElement>
																<sanco-xmlgate:answerOrder>1</sanco-xmlgate:answerOrder>
																<sanco-xmlgate:answer>NA</sanco-xmlgate:answer>
																<sanco-xmlgate:elementID>1</sanco-xmlgate:elementID>
																<sanco-xmlgate:elementOrder>1</sanco-xmlgate:elementOrder>
															</sanco-xmlgate:questionElement>
															
													</sanco-xmlgate:question>
													
													<sanco-xmlgate:question>
														<sanco-xmlgate:questionID>100027</sanco-xmlgate:questionID>
																									
															<sanco-xmlgate:questionElement>
																<sanco-xmlgate:answerOrder>1</sanco-xmlgate:answerOrder>
																<sanco-xmlgate:answer>NA</sanco-xmlgate:answer>
																<sanco-xmlgate:elementID>1</sanco-xmlgate:elementID>
																<sanco-xmlgate:elementOrder>1</sanco-xmlgate:elementOrder>
															</sanco-xmlgate:questionElement>
															
													</sanco-xmlgate:question>
													
													<sanco-xmlgate:question>
														<sanco-xmlgate:questionID>100013</sanco-xmlgate:questionID>
																									
															<sanco-xmlgate:questionElement>
																<sanco-xmlgate:answerOrder>1</sanco-xmlgate:answerOrder>
																<sanco-xmlgate:answer>NA</sanco-xmlgate:answer>
																<sanco-xmlgate:elementID>1</sanco-xmlgate:elementID>
																<sanco-xmlgate:elementOrder>1</sanco-xmlgate:elementOrder>
															</sanco-xmlgate:questionElement>
															
													</sanco-xmlgate:question>
													
													<sanco-xmlgate:question>
														<sanco-xmlgate:questionID>100024</sanco-xmlgate:questionID>
																									
															<sanco-xmlgate:questionElement>
																<sanco-xmlgate:answerOrder>1</sanco-xmlgate:answerOrder>
																<sanco-xmlgate:answer>NA</sanco-xmlgate:answer>
																<sanco-xmlgate:elementID>1</sanco-xmlgate:elementID>
																<sanco-xmlgate:elementOrder>1</sanco-xmlgate:elementOrder>
															</sanco-xmlgate:questionElement>
															
													</sanco-xmlgate:question>
													
													<sanco-xmlgate:question>
														<sanco-xmlgate:questionID>100025</sanco-xmlgate:questionID>
																									
															<sanco-xmlgate:questionElement>
																<sanco-xmlgate:answerOrder>1</sanco-xmlgate:answerOrder>
																<sanco-xmlgate:answer>NA</sanco-xmlgate:answer>
																<sanco-xmlgate:elementID>1</sanco-xmlgate:elementID>
																<sanco-xmlgate:elementOrder>1</sanco-xmlgate:elementOrder>
															</sanco-xmlgate:questionElement>
															
													</sanco-xmlgate:question>
													
													<sanco-xmlgate:question>
														<sanco-xmlgate:questionID>100023</sanco-xmlgate:questionID>
																									
															<sanco-xmlgate:questionElement>
																<sanco-xmlgate:answerOrder>1</sanco-xmlgate:answerOrder>
																<sanco-xmlgate:answer>4</sanco-xmlgate:answer>
																<sanco-xmlgate:elementID>100037</sanco-xmlgate:elementID>
																<sanco-xmlgate:elementOrder>1</sanco-xmlgate:elementOrder>
															</sanco-xmlgate:questionElement>
																									
															<sanco-xmlgate:questionElement>
																<sanco-xmlgate:answerOrder>1</sanco-xmlgate:answerOrder>
																<sanco-xmlgate:answer>5</sanco-xmlgate:answer>
																<sanco-xmlgate:elementID>100038</sanco-xmlgate:elementID>
																<sanco-xmlgate:elementOrder>2</sanco-xmlgate:elementOrder>
															</sanco-xmlgate:questionElement>
															
													</sanco-xmlgate:question>
																
											</sanco-xmlgate:quetionList>
											<sanco-xmlgate:hasFormulaFile>Y</sanco-xmlgate:hasFormulaFile>
											<sanco-xmlgate:formulaFile>
												<sanco-xmlgate:fileName></sanco-xmlgate:fileName>
												<sanco-xmlgate:file>https://webgate.acceptance.ec.europa.eu/cpnp/main/index.cfm?event=main.product.productDoc&amp;identifier=17146</sanco-xmlgate:file>
											</sanco-xmlgate:formulaFile>
											<sanco-xmlgate:exactFormulaList>
																
											</sanco-xmlgate:exactFormulaList>							
											
											<sanco-xmlgate:rangeFormulaList>
																
											</sanco-xmlgate:rangeFormulaList>										
										
										
										<sanco-xmlgate:packagingPhoto>	
											
										</sanco-xmlgate:packagingPhoto>
										<sanco-xmlgate:labelPhoto>								
																		
										</sanco-xmlgate:labelPhoto>
										<sanco-xmlgate:label></sanco-xmlgate:label> 
									</sanco-xmlgate:component>
								 
									<sanco-xmlgate:component>
										<sanco-xmlgate:componentNameList>
											
												<sanco-xmlgate:componentName>	
													<sanco-xmlgate:name>ExactValues</sanco-xmlgate:name>	
													<sanco-xmlgate:shade></sanco-xmlgate:shade>
													<sanco-xmlgate:language>AA</sanco-xmlgate:language>						
												</sanco-xmlgate:componentName>	
																									
										</sanco-xmlgate:componentNameList>
										<sanco-xmlgate:hasCmr>N</sanco-xmlgate:hasCmr>
										<sanco-xmlgate:cmrList>
																								
										</sanco-xmlgate:cmrList>
										<sanco-xmlgate:hasNano>Y</sanco-xmlgate:hasNano>										
										<sanco-xmlgate:nanoList>
											<sanco-xmlgate:exposureCondition>1</sanco-xmlgate:exposureCondition>
											<sanco-xmlgate:exposureRoute>
												
													<sanco-xmlgate:exposureID>3</sanco-xmlgate:exposureID>
																						
											</sanco-xmlgate:exposureRoute>
											
												<sanco-xmlgate:nano>
													<sanco-xmlgate:inciName>METHYLENE BIS-BENZOTRIAZOLYL TETRAMETHYLBUTYLPHENOL (NANO)</sanco-xmlgate:inciName>
													<sanco-xmlgate:innName></sanco-xmlgate:innName>
													<sanco-xmlgate:iupacName>2,2′-Methylene-bis(6-(2H-benzotriazol-2-yl)-4- (1,1,3,3-tetramethylbutyl)phenol)/BisoctrizoleMethylene Bis- Benzotriazolyl Tetramethylbutylphenol (nano)</sanco-xmlgate:iupacName>
													<sanco-xmlgate:xanName></sanco-xmlgate:xanName>
													<sanco-xmlgate:casNumber>103597-45-1</sanco-xmlgate:casNumber>
													<sanco-xmlgate:ecNumber>103597-45-1</sanco-xmlgate:ecNumber>
													<sanco-xmlgate:einecsNumber></sanco-xmlgate:einecsNumber>
													<sanco-xmlgate:elincsNumber></sanco-xmlgate:elincsNumber>												
												</sanco-xmlgate:nano>		
																				
										</sanco-xmlgate:nanoList>
										<sanco-xmlgate:categorie1>100003</sanco-xmlgate:categorie1>	
										<sanco-xmlgate:categorie2>100087</sanco-xmlgate:categorie2>
										<sanco-xmlgate:categorie3>100092</sanco-xmlgate:categorie3>	
										<sanco-xmlgate:physicalForm>2</sanco-xmlgate:physicalForm>											
										<sanco-xmlgate:specialApplicator>N</sanco-xmlgate:specialApplicator>
										<sanco-xmlgate:applicator>-1</sanco-xmlgate:applicator>	
											
										
											<sanco-xmlgate:frameFormulation>100090</sanco-xmlgate:frameFormulation>
											<sanco-xmlgate:frameFormulationOther></sanco-xmlgate:frameFormulationOther>
											<sanco-xmlgate:frameFormulationNumber>2.9 - 2013</sanco-xmlgate:frameFormulationNumber>
											<sanco-xmlgate:acutePoisoningInfo>Test</sanco-xmlgate:acutePoisoningInfo>									
											<sanco-xmlgate:notificationType>2</sanco-xmlgate:notificationType>
											<sanco-xmlgate:hasEthanol></sanco-xmlgate:hasEthanol>
											<sanco-xmlgate:ethanolValue></sanco-xmlgate:ethanolValue>
											<sanco-xmlgate:isoPropanolValue></sanco-xmlgate:isoPropanolValue>
											
											<sanco-xmlgate:quetionList>
																
											</sanco-xmlgate:quetionList>
											<sanco-xmlgate:hasFormulaFile>Y</sanco-xmlgate:hasFormulaFile>
											<sanco-xmlgate:formulaFile>
												<sanco-xmlgate:fileName></sanco-xmlgate:fileName>
												<sanco-xmlgate:file>https://webgate.acceptance.ec.europa.eu/cpnp/main/index.cfm?event=main.product.productDoc&amp;identifier=17147</sanco-xmlgate:file>
											</sanco-xmlgate:formulaFile>
											<sanco-xmlgate:exactFormulaList>
																
											</sanco-xmlgate:exactFormulaList>							
											
											<sanco-xmlgate:rangeFormulaList>
																
											</sanco-xmlgate:rangeFormulaList>										
										
										
										<sanco-xmlgate:packagingPhoto>	
											
										</sanco-xmlgate:packagingPhoto>
										<sanco-xmlgate:labelPhoto>								
																		
										</sanco-xmlgate:labelPhoto>
										<sanco-xmlgate:label></sanco-xmlgate:label> 
									</sanco-xmlgate:component>
								
							</sanco-xmlgate:componentList>
						</sanco-xmlgate:version>
						
					</sanco-xmlgate:versionList>										
				</sanco-xmlgate:product>
				
			
