
			<companyList>
				
				<company>
					<id>7</id>	
					<name>SANCO.A.4.002</name>
				</company>
				
				<company>
					<id>8</id>	
					<name>SANCO.DDG1.B.2</name>
				</company>
				
				<company>
					<id>12</id>	
					<name>Poison Information Centre (PIC)</name>
				</company>
				
				<company>
					<id>13</id>	
					<name>Competent Authority (CA)</name>
				</company>
				
				<company>
					<id>27</id>	
					<name>Davines SpA</name>
				</company>
				
				<company>
					<id>28</id>	
					<name>Oriflame</name>
				</company>
				
				<company>
					<id>32</id>	
					<name>Boots</name>
				</company>
				
				<company>
					<id>33</id>	
					<name>Unilever</name>
				</company>
				
				<company>
					<id>41</id>	
					<name>Pierre Fabre</name>
				</company>
				
				<company>
					<id>42</id>	
					<name>Kosmopedia</name>
				</company>
				
				<company>
					<id>46</id>	
					<name>Antonio Puig</name>
				</company>
				
				<company>
					<id>47</id>	
					<name>SRC Consulting</name>
				</company>
				
				<company>
					<id>48</id>	
					<name>L&apos;Or&#xe9;al</name>
				</company>
				
				<company>
					<id>49</id>	
					<name>Colgate-Palmolive</name>
				</company>
				
				<company>
					<id>50</id>	
					<name>Kimberly-Clark</name>
				</company>
				
				<company>
					<id>51</id>	
					<name>Fareva</name>
				</company>
				
				<company>
					<id>52</id>	
					<name>Johnson &amp; Johnson</name>
				</company>
				
				<company>
					<id>53</id>	
					<name>KPSS-KAO</name>
				</company>
				
				<company>
					<id>54</id>	
					<name>Robert McBride</name>
				</company>
				
				<company>
					<id>55</id>	
					<name>Procter &amp; Gamble</name>
				</company>
				
				<company>
					<id>56</id>	
					<name>Puig</name>
				</company>
				
				<company>
					<id>57</id>	
					<name>Beiersdorf</name>
				</company>
				
				<company>
					<id>58</id>	
					<name>LVMH</name>
				</company>
				
				<company>
					<id>59</id>	
					<name>CMA UK Ltd.</name>
				</company>
				
				<company>
					<id>60</id>	
					<name>Jacques Bogart</name>
				</company>
				
				<company>
					<id>61</id>	
					<name>Dipta</name>
				</company>
				
				<company>
					<id>62</id>	
					<name>The Colomer Group</name>
				</company>
				
				<company>
					<id>63</id>	
					<name>Reckitt Benckiser</name>
				</company>
				
				<company>
					<id>64</id>	
					<name>Keyline Brands &amp; Salon Success</name>
				</company>
				
				<company>
					<id>65</id>	
					<name>Eugenaparma</name>
				</company>
				
				<company>
					<id>66</id>	
					<name>BNAEOPC</name>
				</company>
				
				<company>
					<id>67</id>	
					<name>Revlon</name>
				</company>
				
				<company>
					<id>68</id>	
					<name>Henkel</name>
				</company>
				
				<company>
					<id>69</id>	
					<name>ISDIN</name>
				</company>
				
				<company>
					<id>70</id>	
					<name>Yves Rocher</name>
				</company>
				
				<company>
					<id>71</id>	
					<name>Sisley</name>
				</company>
				
				<company>
					<id>72</id>	
					<name>Est&#xe9;e Lauder</name>
				</company>
				
				<company>
					<id>73</id>	
					<name>Shiseido</name>
				</company>
				
				<company>
					<id>74</id>	
					<name>Keune Hair Cosmetics</name>
				</company>
				
				<company>
					<id>77</id>	
					<name>Carrefour</name>
				</company>
				
				<company>
					<id>78</id>	
					<name>Carrefour - Belgium</name>
				</company>
				
				<company>
					<id>79</id>	
					<name>Carrefour - France</name>
				</company>
				
				<company>
					<id>80</id>	
					<name>UEAPME</name>
				</company>
				
				<company>
					<id>87</id>	
					<name>AIC</name>
				</company>
				
				<company>
					<id>89</id>	
					<name>KANEBO</name>
				</company>
				
				<company>
					<id>101</id>	
					<name>Colipa</name>
				</company>
				
				<company>
					<id>102</id>	
					<name>POISON INFORMATION CENTRES</name>
				</company>
				
				<company>
					<id>103</id>	
					<name>COMPETENT AUTHORITIES</name>
				</company>
				
				<company>
					<id>104</id>	
					<name>RESPONSIBLE PERSONS (RP)</name>
				</company>
				
				<company>
					<id>105</id>	
					<name>DISTRIBUTORS</name>
				</company>
				
				<company>
					<id>127</id>	
					<name>Industry 1</name>
				</company>
				
				<company>
					<id>128</id>	
					<name>DEMO 20111027</name>
				</company>
				
				<company>
					<id>161</id>	
					<name>Distributor 1</name>
				</company>
				
				<company>
					<id>181</id>	
					<name>COTY</name>
				</company>
				
				<company>
					<id>328</id>	
					<name>Avene</name>
				</company>
				
				<company>
					<id>329</id>	
					<name>Perez &amp; Co &amp; others</name>
				</company>
				
				<company>
					<id>363</id>	
					<name>The Body Shop</name>
				</company>
				
				<company>
					<id>364</id>	
					<name>PZ Cussons</name>
				</company>
				
				<company>
					<id>365</id>	
					<name>Mibelle</name>
				</company>
				
				<company>
					<id>366</id>	
					<name>Belnatur</name>
				</company>
				
				<company>
					<id>368</id>	
					<name>Chanel</name>
				</company>
				
				<company>
					<id>369</id>	
					<name>CERT</name>
				</company>
				
				<company>
					<id>370</id>	
					<name>FEBEA</name>
				</company>
				
				<company>
					<id>371</id>	
					<name>GUINOT _ MARY COHR</name>
				</company>
				
				<company>
					<id>372</id>	
					<name>Groupe NOREVA PHARMA</name>
				</company>
				
				<company>
					<id>373</id>	
					<name>CARTIER</name>
				</company>
				
				<company>
					<id>374</id>	
					<name>CCI PRODUCTIONS</name>
				</company>
				
				<company>
					<id>375</id>	
					<name>Groupe PANTHER</name>
				</company>
				
				<company>
					<id>376</id>	
					<name>MEDIATIC LABS</name>
				</company>
				
				<company>
					<id>377</id>	
					<name>BRISEIS</name>
				</company>
				
				<company>
					<id>378</id>	
					<name>LACER</name>
				</company>
				
				<company>
					<id>379</id>	
					<name>KOZMOS</name>
				</company>
				
				<company>
					<id>380</id>	
					<name>ESPA</name>
				</company>
				
				<company>
					<id>381</id>	
					<name>Mey Liang Nails &amp; Cosmetics</name>
				</company>
				
				<company>
					<id>382</id>	
					<name>GERMAINE DE CAPUCCINI &#xa0;</name>
				</company>
				
				<company>
					<id>383</id>	
					<name>PSVAK</name>
				</company>
				
				<company>
					<id>384</id>	
					<name>Polish Association of Cosmetics and Home Care Products Producers</name>
				</company>
				
				<company>
					<id>385</id>	
					<name>Laboratoires SARBEC</name>
				</company>
				
				<company>
					<id>386</id>	
					<name>STRAND COSMETICS EUROPE</name>
				</company>
				
				<company>
					<id>387</id>	
					<name>BIOLOGIQUE RECHERCHE</name>
				</company>
				
				<company>
					<id>388</id>	
					<name>By TERRY</name>
				</company>
				
				<company>
					<id>389</id>	
					<name>Plum A_S</name>
				</company>
				
				<company>
					<id>390</id>	
					<name>DermaPharm A_S</name>
				</company>
				
				<company>
					<id>391</id>	
					<name>SPT</name>
				</company>
				
				<company>
					<id>392</id>	
					<name>UNILEVER HELLAS S.A.</name>
				</company>
				
				<company>
					<id>393</id>	
					<name>Elizabeth Arden</name>
				</company>
				
				<company>
					<id>394</id>	
					<name>Deb RD</name>
				</company>
				
				<company>
					<id>395</id>	
					<name>Avon</name>
				</company>
				
				<company>
					<id>396</id>	
					<name>Hermes Parfums</name>
				</company>
				
				<company>
					<id>397</id>	
					<name>UNIPRO</name>
				</company>
				
				<company>
					<id>398</id>	
					<name>Glaxosmithkline</name>
				</company>
				
				<company>
					<id>401</id>	
					<name>MOTHER COMPANY</name>
				</company>
				
				<company>
					<id>402</id>	
					<name>SUBCONTRACTOR 1</name>
				</company>
				
				<company>
					<id>403</id>	
					<name>SUBCONTRACTOR 2</name>
				</company>
				
				<company>
					<id>422</id>	
					<name>SUB-SUBCONTRACTOR 1</name>
				</company>
				
				<company>
					<id>441</id>	
					<name>DGT.A.SV.03</name>
				</company>
				
				<company>
					<id>461</id>	
					<name>DGT.C.ES.03</name>
				</company>
				
				<company>
					<id>481</id>	
					<name>Test arnaud</name>
				</company>
				
				<company>
					<id>501</id>	
					<name>DGT.B.NL.03</name>
				</company>
				
				<company>
					<id>502</id>	
					<name>DGT.C.SL.03</name>
				</company>
				
				<company>
					<id>522</id>	
					<name>SANCO.A.5.001</name>
				</company>
				
				<company>
					<id>541</id>	
					<name>DGT.A.PL.03</name>
				</company>
				
				<company>
					<id>561</id>	
					<name>DGT.A.FI.03</name>
				</company>
				
				<company>
					<id>626</id>	
					<name>INTERTEK</name>
				</company>
				
				<company>
					<id>645</id>	
					<name>Bundesamt f&#xfc;r Verbraucherschutz und Lebensmittelsicherheit</name>
				</company>
				
				<company>
					<id>664</id>	
					<name>Colipa TechReg Department</name>
				</company>
				
				<company>
					<id>665</id>	
					<name>Personal Care Products Council</name>
				</company>
				
				<company>
					<id>667</id>	
					<name>FEBEA</name>
				</company>
				
				<company>
					<id>668</id>	
					<name>UniproProva srl</name>
				</company>
				
				<company>
					<id>669</id>	
					<name>UNIPROterzista</name>
				</company>
				
				<company>
					<id>670</id>	
					<name>Polish Union of Cosmetics Industry</name>
				</company>
				
				<company>
					<id>672</id>	
					<name>Test Suborganisation</name>
				</company>
				
				<company>
					<id>684</id>	
					<name>Energizer Group Ltd.</name>
				</company>
				
				<company>
					<id>685</id>	
					<name>Nederlandse Cosmertica Vereniging</name>
				</company>
				
				<company>
					<id>686</id>	
					<name>ICDA</name>
				</company>
				
				<company>
					<id>688</id>	
					<name>Testing 101</name>
				</company>
				
				<company>
					<id>689</id>	
					<name>Intracosmed AG</name>
				</company>
				
				<company>
					<id>690</id>	
					<name>Mibelle</name>
				</company>
				
				<company>
					<id>691</id>	
					<name>FCIO - Fachverband der chemischen Industrie Oesterreichs</name>
				</company>
				
				<company>
					<id>692</id>	
					<name>DETIC</name>
				</company>
				
				<company>
					<id>693</id>	
					<name>KTF Organisation AB</name>
				</company>
				
				<company>
					<id>697</id>	
					<name>Iredale Mineral Cosmetics</name>
				</company>
				
				<company>
					<id>698</id>	
					<name>KANEBO COSMETICS</name>
				</company>
				
				<company>
					<id>699</id>	
					<name>Teknokemian Yhdistys (TY)</name>
				</company>
				
				<company>
					<id>702</id>	
					<name>DETIC</name>
				</company>
				
				<company>
					<id>703</id>	
					<name>UNIPROterzista</name>
				</company>
				
				<company>
					<id>705</id>	
					<name>AICPORTUGAL</name>
				</company>
				
				<company>
					<id>725</id>	
					<name>UNIPROterzistaLINK</name>
				</company>
				
				<company>
					<id>728</id>	
					<name>Grandiose</name>
				</company>
				
				<company>
					<id>744</id>	
					<name>IKW e. V.</name>
				</company>
				
				<company>
					<id>745</id>	
					<name>Uniservice srl</name>
				</company>
				
				<company>
					<id>746</id>	
					<name>Fornitore1</name>
				</company>
				
				<company>
					<id>747</id>	
					<name>contoterzi1</name>
				</company>
				
				<company>
					<id>765</id>	
					<name>Cosmetic, Toiletry &amp; Perfumery Association</name>
				</company>
				
				<company>
					<id>766</id>	
					<name>farlocco</name>
				</company>
				
				<company>
					<id>768</id>	
					<name>German CA-Test Industry</name>
				</company>
				
				<company>
					<id>771</id>	
					<name>Suborganisation 2</name>
				</company>
				
				<company>
					<id>772</id>	
					<name>Association LIKOCHEMA</name>
				</company>
				
				<company>
					<id>773</id>	
					<name>Institut de Formation de l&apos;Industrie Cosm&#xe9;tique</name>
				</company>
				
				<company>
					<id>776</id>	
					<name>CTPA</name>
				</company>
				
				<company>
					<id>778</id>	
					<name>CTPA2</name>
				</company>
				
				<company>
					<id>780</id>	
					<name>CTPA02</name>
				</company>
				
				<company>
					<id>781</id>	
					<name>Notifica</name>
				</company>
				
				<company>
					<id>782</id>	
					<name>CTPA</name>
				</company>
				
				<company>
					<id>784</id>	
					<name>CTPAdistributortest</name>
				</company>
				
				<company>
					<id>785</id>	
					<name>CTPA07</name>
				</company>
				
				<company>
					<id>787</id>	
					<name>BNAEOPC -1</name>
				</company>
				
				<company>
					<id>789</id>	
					<name>PERFUMERY &amp; COSMETICS</name>
				</company>
				
				<company>
					<id>790</id>	
					<name>Eesti Keemiat&#xf6;&#xf6;stuse Liit</name>
				</company>
				
				<company>
					<id>792</id>	
					<name>Test1</name>
				</company>
				
				<company>
					<id>793</id>	
					<name>JRC.I.4</name>
				</company>
				
				<company>
					<id>795</id>	
					<name>Gerald Test</name>
				</company>
				
				<company>
					<id>796</id>	
					<name>IFIC</name>
				</company>
				
				<company>
					<id>797</id>	
					<name>DELYS TEST</name>
				</company>
				
				<company>
					<id>798</id>	
					<name>Training NCV 2</name>
				</company>
				
				<company>
					<id>799</id>	
					<name>CTPAthirdparty1</name>
				</company>
				
				<company>
					<id>800</id>	
					<name>CTPAthirdparty2</name>
				</company>
				
				<company>
					<id>802</id>	
					<name>GER-Test Suborg</name>
				</company>
				
				<company>
					<id>804</id>	
					<name>BNAEOPC</name>
				</company>
				
				<company>
					<id>807</id>	
					<name>Swisscare GmbH</name>
				</company>
				
				<company>
					<id>824</id>	
					<name>CorfiniProva</name>
				</company>
				
				<company>
					<id>827</id>	
					<name>Meshaprova</name>
				</company>
				
				<company>
					<id>829</id>	
					<name>STANPA Asociacion Nacional de Perfumeria y Cosmetica</name>
				</company>
				
				<company>
					<id>844</id>	
					<name>Cosmetic Toiletry &amp; Perfumery Association (CTPA) Distributor Account</name>
				</company>
				
				<company>
					<id>846</id>	
					<name>Ardes s.n.c.</name>
				</company>
				
				<company>
					<id>864</id>	
					<name>IFIC-FEBEA</name>
				</company>
				
				<company>
					<id>866</id>	
					<name>SPT</name>
				</company>
				
				<company>
					<id>867</id>	
					<name>123</name>
				</company>
				
				<company>
					<id>869</id>	
					<name>IKW Suborganisation 1</name>
				</company>
				
				<company>
					<id>870</id>	
					<name>STANPA actuando como distribuidor</name>
				</company>
				
				<company>
					<id>871</id>	
					<name>PSVAK</name>
				</company>
				
				<company>
					<id>872</id>	
					<name>4U Color</name>
				</company>
				
				<company>
					<id>873</id>	
					<name>Sesion de entrenamiento 01</name>
				</company>
				
				<company>
					<id>874</id>	
					<name>Sesion de entrenamiento 02</name>
				</company>
				
				<company>
					<id>875</id>	
					<name>Fabricante 01</name>
				</company>
				
				<company>
					<id>876</id>	
					<name>ENTRENAMIENTO01</name>
				</company>
				
				<company>
					<id>877</id>	
					<name>Desa Group</name>
				</company>
				
				<company>
					<id>878</id>	
					<name>Collistar</name>
				</company>
				
				<company>
					<id>879</id>	
					<name>PROFESSIONAL BY FAMA SRL</name>
				</company>
				
				<company>
					<id>880</id>	
					<name>Dr Taffi srl</name>
				</company>
				
				<company>
					<id>881</id>	
					<name>Zeta Farmaceutici</name>
				</company>
				
				<company>
					<id>882</id>	
					<name>GMF</name>
				</company>
				
				<company>
					<id>883</id>	
					<name>PRAISETEST</name>
				</company>
				
				<company>
					<id>884</id>	
					<name>LUIGI</name>
				</company>
				
				<company>
					<id>885</id>	
					<name>IDIFARM</name>
				</company>
				
				<company>
					<id>886</id>	
					<name>Societ&#xe0; Italiana di Cosmesi Eubiotica srl - SICE</name>
				</company>
				
				<company>
					<id>887</id>	
					<name>IL MONDO COSMETICO</name>
				</company>
				
				<company>
					<id>888</id>	
					<name>Minerva SpA</name>
				</company>
				
				<company>
					<id>889</id>	
					<name>DGT.A.HU.03</name>
				</company>
				
				<company>
					<id>890</id>	
					<name>PTZ cosmetici</name>
				</company>
				
				<company>
					<id>891</id>	
					<name>FRAMAR</name>
				</company>
				
				<company>
					<id>893</id>	
					<name>IHFNEC</name>
				</company>
				
				<company>
					<id>894</id>	
					<name>COSMOSOL</name>
				</company>
				
				<company>
					<id>895</id>	
					<name>COSMOSOL</name>
				</company>
				
				<company>
					<id>896</id>	
					<name>KIKO SRL</name>
				</company>
				
				<company>
					<id>897</id>	
					<name>Kelemata Srl</name>
				</company>
				
				<company>
					<id>898</id>	
					<name>GANASSINI</name>
				</company>
				
				<company>
					<id>899</id>	
					<name>RB01</name>
				</company>
				
				<company>
					<id>900</id>	
					<name>VAGHEGGI S.P.A.</name>
				</company>
				
				<company>
					<id>901</id>	
					<name>MARTA</name>
				</company>
				
				<company>
					<id>902</id>	
					<name>Eurocosmesi</name>
				</company>
				
				<company>
					<id>904</id>	
					<name>Chefaro</name>
				</company>
				
				<company>
					<id>905</id>	
					<name>Laboratoires Cosmetiques</name>
				</company>
				
				<company>
					<id>906</id>	
					<name>Benessere</name>
				</company>
				
				<company>
					<id>907</id>	
					<name>MINIPRIT SRL</name>
				</company>
				
				<company>
					<id>924</id>	
					<name>BAREX</name>
				</company>
				
				<company>
					<id>925</id>	
					<name>NOVELLA</name>
				</company>
				
				<company>
					<id>926</id>	
					<name>Testing 102</name>
				</company>
				
				<company>
					<id>927</id>	
					<name>STANPABARCELONA</name>
				</company>
				
				<company>
					<id>928</id>	
					<name>Doriella LAB</name>
				</company>
				
				<company>
					<id>929</id>	
					<name>RS test</name>
				</company>
				
				<company>
					<id>944</id>	
					<name>CEISCO</name>
				</company>
				
				<company>
					<id>945</id>	
					<name>RMG</name>
				</company>
				
				<company>
					<id>946</id>	
					<name>Cosmepic</name>
				</company>
				
				<company>
					<id>947</id>	
					<name>CODERPROVA</name>
				</company>
				
				<company>
					<id>948</id>	
					<name>AVANTGARDE S.P.A.</name>
				</company>
				
				<company>
					<id>950</id>	
					<name>Societ&#xe0; Italiana Scienze e Tecniche Erboristiche</name>
				</company>
				
				<company>
					<id>951</id>	
					<name>Athena&apos;s</name>
				</company>
				
				<company>
					<id>952</id>	
					<name>DGT.C.PT.03</name>
				</company>
				
				<company>
					<id>953</id>	
					<name>BEAUTY &amp; BUSINESS SPA</name>
				</company>
				
				<company>
					<id>964</id>	
					<name>KPC SLO</name>
				</company>
				
				<company>
					<id>965</id>	
					<name>Gabor</name>
				</company>
				
				<company>
					<id>966</id>	
					<name>DGT.C.CS.03</name>
				</company>
				
				<company>
					<id>967</id>	
					<name>DGT.C.EL.03</name>
				</company>
				
				<company>
					<id>968</id>	
					<name>DGT.A.ET.03</name>
				</company>
				
				<company>
					<id>969</id>	
					<name>DGT.C.IT.03</name>
				</company>
				
				<company>
					<id>970</id>	
					<name>DGT.B.RO.03</name>
				</company>
				
				<company>
					<id>971</id>	
					<name>DGT.A.LT.03</name>
				</company>
				
				<company>
					<id>972</id>	
					<name>DGT.B.FR.05</name>
				</company>
				
				<company>
					<id>973</id>	
					<name>DGT.B.BG.03</name>
				</company>
				
				<company>
					<id>974</id>	
					<name>DGT.B.DE.05</name>
				</company>
				
				<company>
					<id>984</id>	
					<name>Lab. Caldes, S.L.</name>
				</company>
				
				<company>
					<id>987</id>	
					<name>DGT.C.SK.03</name>
				</company>
				
				<company>
					<id>988</id>	
					<name>FLORAprova</name>
				</company>
				
				<company>
					<id>989</id>	
					<name>MAVIVE</name>
				</company>
				
				<company>
					<id>1004</id>	
					<name>Koninklijke Sanders bv Test</name>
				</company>
				
				<company>
					<id>1006</id>	
					<name>SUDCOSMETICS</name>
				</company>
				
				<company>
					<id>1007</id>	
					<name>Test Royal sanders</name>
				</company>
				
				<company>
					<id>1009</id>	
					<name>TRICOBIOTOS SPA</name>
				</company>
				
				<company>
					<id>1010</id>	
					<name>Hulka</name>
				</company>
				
				<company>
					<id>1011</id>	
					<name>Workshop account</name>
				</company>
				
				<company>
					<id>1012</id>	
					<name>SPTtraining</name>
				</company>
				
				<company>
					<id>1013</id>	
					<name>Claire s.p.a.</name>
				</company>
				
				<company>
					<id>1014</id>	
					<name>Filanthos</name>
				</company>
				
				<company>
					<id>1015</id>	
					<name>Biology</name>
				</company>
				
				<company>
					<id>1016</id>	
					<name>Panzeri Diffusion</name>
				</company>
				
				<company>
					<id>1017</id>	
					<name>OYSTER COSMETICS spa</name>
				</company>
				
				<company>
					<id>1018</id>	
					<name>Pettenon Cosmetics spa.</name>
				</company>
				
				<company>
					<id>1019</id>	
					<name>NYCE International srl</name>
				</company>
				
				<company>
					<id>1020</id>	
					<name>DR.TAFFI</name>
				</company>
				
				<company>
					<id>1021</id>	
					<name>OYSTER COSMETICS spa PRIVATE LABEL</name>
				</company>
				
				<company>
					<id>1022</id>	
					<name>Test2 Sanders</name>
				</company>
				
				<company>
					<id>1025</id>	
					<name>ITLC</name>
				</company>
				
				<company>
					<id>1026</id>	
					<name>Mariani</name>
				</company>
				
				<company>
					<id>1027</id>	
					<name>louer</name>
				</company>
				
				<company>
					<id>1028</id>	
					<name>R&#xe9;glementaire</name>
				</company>
				
				<company>
					<id>1029</id>	
					<name>bnaeopc-15</name>
				</company>
				
				<company>
					<id>1031</id>	
					<name>QUALITE</name>
				</company>
				
				<company>
					<id>1032</id>	
					<name>laboratoire Paris Dome</name>
				</company>
				
				<company>
					<id>1033</id>	
					<name>laboratoire Paris Dome</name>
				</company>
				
				<company>
					<id>1034</id>	
					<name>bnaempc</name>
				</company>
				
				<company>
					<id>1045</id>	
					<name>BULROSA</name>
				</company>
				
				<company>
					<id>1046</id>	
					<name>Workshopaccount 1</name>
				</company>
				
				<company>
					<id>1047</id>	
					<name>Workshopaccount 2</name>
				</company>
				
				<company>
					<id>1048</id>	
					<name>Workshopaccount 3</name>
				</company>
				
				<company>
					<id>1049</id>	
					<name>BIOFARMA</name>
				</company>
				
				<company>
					<id>1050</id>	
					<name>SGS Institut Fresenius Austria GmbH</name>
				</company>
				
				<company>
					<id>1051</id>	
					<name>MAVALA</name>
				</company>
				
				<company>
					<id>1052</id>	
					<name>MABELLE</name>
				</company>
				
				<company>
					<id>1053</id>	
					<name>Cosmoproject Srl</name>
				</company>
				
				<company>
					<id>1054</id>	
					<name>ATANOR</name>
				</company>
				
				<company>
					<id>1055</id>	
					<name>Farmacon</name>
				</company>
				
				<company>
					<id>1056</id>	
					<name>AREADERMA</name>
				</company>
				
				<company>
					<id>1057</id>	
					<name>FAIPA</name>
				</company>
				
				<company>
					<id>1058</id>	
					<name>DeborahGroup Spa</name>
				</company>
				
				<company>
					<id>1059</id>	
					<name>HAIRCONCEPT PROFESIONAL, SLL</name>
				</company>
				
				<company>
					<id>1063</id>	
					<name>COSMED.</name>
				</company>
				
				<company>
					<id>1065</id>	
					<name>Service R&#xe8;glementaire</name>
				</company>
				
				<company>
					<id>1066</id>	
					<name>SST Shampooing</name>
				</company>
				
				<company>
					<id>1067</id>	
					<name>SST creme</name>
				</company>
				
				<company>
					<id>1068</id>	
					<name>Service R&#xe8;glementaire</name>
				</company>
				
				<company>
					<id>1070</id>	
					<name>DGT.B.EN.03</name>
				</company>
				
				<company>
					<id>1071</id>	
					<name>ALCHEMY COSMETICS</name>
				</company>
				
				<company>
					<id>1072</id>	
					<name>Trainingsaccount xxx</name>
				</company>
				
				<company>
					<id>1073</id>	
					<name>Sous Traitant 123</name>
				</company>
				
				<company>
					<id>1074</id>	
					<name>Sous Traitant 123</name>
				</company>
				
				<company>
					<id>1075</id>	
					<name>Sous Traitant 123</name>
				</company>
				
				<company>
					<id>1076</id>	
					<name>Sous Traitant 123</name>
				</company>
				
				<company>
					<id>1077</id>	
					<name>SC</name>
				</company>
				
				<company>
					<id>1078</id>	
					<name>Qualit&#xe9;</name>
				</company>
				
				<company>
					<id>1079</id>	
					<name>abc</name>
				</company>
				
				<company>
					<id>1084</id>	
					<name>OsmosProva</name>
				</company>
				
				<company>
					<id>1085</id>	
					<name>SPT Gruppe1</name>
				</company>
				
				<company>
					<id>1086</id>	
					<name>Societ&#xe0; Italiana Chimica e Scienze Cosmetologiche</name>
				</company>
				
				<company>
					<id>1087</id>	
					<name>FARMACEUTICI G.B. PANZERA srl</name>
				</company>
				
				<company>
					<id>1088</id>	
					<name>century</name>
				</company>
				
				<company>
					<id>1089</id>	
					<name>ART COSMETICS SRL</name>
				</company>
				
				<company>
					<id>1090</id>	
					<name>Sous Traitant Shampooing</name>
				</company>
				
				<company>
					<id>1091</id>	
					<name>Xanitalia</name>
				</company>
				
				<company>
					<id>1094</id>	
					<name>HSA SPA</name>
				</company>
				
				<company>
					<id>1095</id>	
					<name>MORRIS</name>
				</company>
				
				<company>
					<id>1096</id>	
					<name>MABELLE</name>
				</company>
				
				<company>
					<id>1097</id>	
					<name>SPT Gruppe2</name>
				</company>
				
				<company>
					<id>1098</id>	
					<name>SPT Gruppe3</name>
				</company>
				
				<company>
					<id>1099</id>	
					<name>SPT Gruppe4</name>
				</company>
				
				<company>
					<id>1100</id>	
					<name>SPT Gruppe5</name>
				</company>
				
				<company>
					<id>1101</id>	
					<name>SPT Gruppe 6</name>
				</company>
				
				<company>
					<id>1102</id>	
					<name>Trainingmondial</name>
				</company>
				
				<company>
					<id>1104</id>	
					<name>Sous Compte Sous traitant A</name>
				</company>
				
				<company>
					<id>1105</id>	
					<name>Sous Compte Sous traitant B</name>
				</company>
				
				<company>
					<id>1106</id>	
					<name>Sous-traitant CP</name>
				</company>
				
				<company>
					<id>1107</id>	
					<name>Sous-traitant CP</name>
				</company>
				
				<company>
					<id>1108</id>	
					<name>trainingsaccountZ</name>
				</company>
				
				<company>
					<id>1109</id>	
					<name>Sous traitant CP 01</name>
				</company>
				
				<company>
					<id>1124</id>	
					<name>Sous Compte Sous Traitant C</name>
				</company>
				
				<company>
					<id>1144</id>	
					<name>Trainingsaccount IC</name>
				</company>
				
				<company>
					<id>1164</id>	
					<name>A-KPC</name>
				</company>
				
				<company>
					<id>1165</id>	
					<name>Sous-traitant CAMPELE</name>
				</company>
				
				<company>
					<id>1166</id>	
					<name>Sous compte Sous Traitant CAMPELE</name>
				</company>
				
				<company>
					<id>1167</id>	
					<name>Gotha</name>
				</company>
				
				<company>
					<id>1168</id>	
					<name>quintessentia</name>
				</company>
				
				<company>
					<id>1169</id>	
					<name>Delphic HSE Solutions</name>
				</company>
				
				<company>
					<id>1170</id>	
					<name>PERLENA</name>
				</company>
				
				<company>
					<id>1184</id>	
					<name>Sous Traitant 123</name>
				</company>
				
				<company>
					<id>1185</id>	
					<name>ncosm</name>
				</company>
				
				<company>
					<id>1205</id>	
					<name>Francesca Galeotti</name>
				</company>
				
				<company>
					<id>1207</id>	
					<name>IHFNEC2</name>
				</company>
				
				<company>
					<id>1212</id>	
					<name>RUDYPROFUMI</name>
				</company>
				
				<company>
					<id>1213</id>	
					<name>mak</name>
				</company>
				
				<company>
					<id>1214</id>	
					<name>BIOKOSMES</name>
				</company>
				
				<company>
					<id>1215</id>	
					<name>Trainingsaccount Maxbrands</name>
				</company>
				
				<company>
					<id>1218</id>	
					<name>Eley</name>
				</company>
				
				<company>
					<id>1220</id>	
					<name>Delphic HSE Solutions Third Party Notification</name>
				</company>
				
				<company>
					<id>1221</id>	
					<name>KATI</name>
				</company>
				
				<company>
					<id>1224</id>	
					<name>BIOSAMIA</name>
				</company>
				
				<company>
					<id>1225</id>	
					<name>Brelil</name>
				</company>
				
				<company>
					<id>1226</id>	
					<name>CURADEN</name>
				</company>
				
				<company>
					<id>1228</id>	
					<name>Distributeur test</name>
				</company>
				
				<company>
					<id>1244</id>	
					<name>Emmeci Cosmetici</name>
				</company>
				
				<company>
					<id>1245</id>	
					<name>Matilde</name>
				</company>
				
				<company>
					<id>1246</id>	
					<name>Cosmetici Pippo srl</name>
				</company>
				
				<company>
					<id>1247</id>	
					<name>SST 3</name>
				</company>
				
				<company>
					<id>1248</id>	
					<name>ILIRIJA d.d.</name>
				</company>
				
				<company>
					<id>1264</id>	
					<name>Harbor</name>
				</company>
				
				<company>
					<id>1265</id>	
					<name>test account Joico Europe</name>
				</company>
				
				<company>
					<id>1284</id>	
					<name>Jonathan Lebrun</name>
				</company>
				
				<company>
					<id>1304</id>	
					<name>VEREL</name>
				</company>
				
				<company>
					<id>1305</id>	
					<name>Carlos Alvarez</name>
				</company>
				
				<company>
					<id>1306</id>	
					<name>Aude Callens S.A.</name>
				</company>
				
				<company>
					<id>1307</id>	
					<name>trainingsaccount X</name>
				</company>
				
				<company>
					<id>1308</id>	
					<name>SANCO.DDG1.D.3</name>
				</company>
				
				<company>
					<id>1309</id>	
					<name>Baba de caracol</name>
				</company>
				
				<company>
					<id>1324</id>	
					<name>cosmetiques</name>
				</company>
				
				<company>
					<id>1344</id>	
					<name>Valerie&amp;Co</name>
				</company>
				
				<company>
					<id>1346</id>	
					<name>madina</name>
				</company>
				
				<company>
					<id>1347</id>	
					<name>NEW COMPANY 1999</name>
				</company>
				
				<company>
					<id>1348</id>	
					<name>THOMASIA</name>
				</company>
				
				<company>
					<id>1352</id>	
					<name>Krasnaya</name>
				</company>
				
				<company>
					<id>1353</id>	
					<name>Layla Cosmetics</name>
				</company>
				
				<company>
					<id>1364</id>	
					<name>Bio Fresh LTD</name>
				</company>
				
				<company>
					<id>1365</id>	
					<name>Bio Fresh LTD</name>
				</company>
				
				<company>
					<id>1366</id>	
					<name>Paradise</name>
				</company>
				
				<company>
					<id>1369</id>	
					<name>Refan Bulgaria Ltd</name>
				</company>
				
				<company>
					<id>1370</id>	
					<name>Johnson &amp; Johnson test organisation</name>
				</company>
				
				<company>
					<id>1373</id>	
					<name>trainingsaccount Treffina</name>
				</company>
				
				<company>
					<id>1377</id>	
					<name>Aries Cosmetics Ltd</name>
				</company>
				
				<company>
					<id>1379</id>	
					<name>Svoboda Dobreva</name>
				</company>
				
				<company>
					<id>1380</id>	
					<name>Iglika</name>
				</company>
				
				<company>
					<id>1382</id>	
					<name>Rubellatest</name>
				</company>
				
				<company>
					<id>1383</id>	
					<name>DORI LUX LTD</name>
				</company>
				
				<company>
					<id>1385</id>	
					<name>Star Nails Bulgaria</name>
				</company>
				
				<company>
					<id>1386</id>	
					<name>Quinoa</name>
				</company>
				
				<company>
					<id>1388</id>	
					<name>training gildewerk</name>
				</company>
				
				<company>
					<id>1405</id>	
					<name>SST4</name>
				</company>
				
				<company>
					<id>1425</id>	
					<name>Mavala test</name>
				</company>
				
				<company>
					<id>1426</id>	
					<name>FDC2012</name>
				</company>
				
				<company>
					<id>1444</id>	
					<name>BBE</name>
				</company>
				
				<company>
					<id>1445</id>	
					<name>Feeria-98 LTD</name>
				</company>
				
				<company>
					<id>1464</id>	
					<name>AGGF Cosmetic Group Spa</name>
				</company>
				
				<company>
					<id>1484</id>	
					<name>Mediterranea</name>
				</company>
				
				<company>
					<id>1485</id>	
					<name>Mavala test</name>
				</company>
				
				<company>
					<id>1486</id>	
					<name>ACEFSPA</name>
				</company>
				
				<company>
					<id>1487</id>	
					<name>PROCOSME S.r.l.</name>
				</company>
				
				<company>
					<id>1488</id>	
					<name>BAUDIN</name>
				</company>
				
				<company>
					<id>1489</id>	
					<name>Tenacta Group Spa</name>
				</company>
				
				<company>
					<id>1491</id>	
					<name>Ambrosialab srl</name>
				</company>
				
				<company>
					<id>1495</id>	
					<name>ABLYS</name>
				</company>
				
				<company>
					<id>1496</id>	
					<name>Solvex Ltd.</name>
				</company>
				
				<company>
					<id>1497</id>	
					<name>silviq</name>
				</company>
				
				<company>
					<id>1498</id>	
					<name>Testing_account</name>
				</company>
				
				<company>
					<id>1500</id>	
					<name>Igiene_Castle</name>
				</company>
				
				<company>
					<id>1501</id>	
					<name>Trainingsaccount rapide</name>
				</company>
				
				<company>
					<id>1504</id>	
					<name>FEB1</name>
				</company>
				
				<company>
					<id>1506</id>	
					<name>Tives Cosmetic Ltd</name>
				</company>
				
				<company>
					<id>1524</id>	
					<name>EEtest RP and Distributor</name>
				</company>
				
				<company>
					<id>1525</id>	
					<name>CODIF INTERNATIONAL</name>
				</company>
				
				<company>
					<id>1526</id>	
					<name>Mulon</name>
				</company>
				
				<company>
					<id>1527</id>	
					<name>LM cosmetic product</name>
				</company>
				
				<company>
					<id>1545</id>	
					<name>marque BIOL</name>
				</company>
				
				<company>
					<id>1546</id>	
					<name>Ornatum Cosm&#xe9;tologie</name>
				</company>
				
				<company>
					<id>1547</id>	
					<name>Ornatum</name>
				</company>
				
				<company>
					<id>1548</id>	
					<name>gerasimos1</name>
				</company>
				
				<company>
					<id>1549</id>	
					<name>Lyzetta1</name>
				</company>
				
				<company>
					<id>1550</id>	
					<name>greece1</name>
				</company>
				
				<company>
					<id>1551</id>	
					<name>greece2</name>
				</company>
				
				<company>
					<id>1552</id>	
					<name>ScetMe</name>
				</company>
				
				<company>
					<id>1553</id>	
					<name>PIPPO</name>
				</company>
				
				<company>
					<id>1554</id>	
					<name>UNION COSMETICS SRL</name>
				</company>
				
				<company>
					<id>1556</id>	
					<name>EDANA</name>
				</company>
				
				<company>
					<id>1557</id>	
					<name>bioapta</name>
				</company>
				
				<company>
					<id>1558</id>	
					<name>S+</name>
				</company>
				
				<company>
					<id>1564</id>	
					<name>rombo49</name>
				</company>
				
				<company>
					<id>1586</id>	
					<name>THEPENIER</name>
				</company>
				
				<company>
					<id>1587</id>	
					<name>NATURA E BENESSERE</name>
				</company>
				
				<company>
					<id>1605</id>	
					<name>NHQMT Spa.</name>
				</company>
				
				<company>
					<id>1606</id>	
					<name>PROXIMA</name>
				</company>
				
				<company>
					<id>1607</id>	
					<name>Diva International</name>
				</company>
				
				<company>
					<id>1608</id>	
					<name>Biosamia s.r.l.</name>
				</company>
				
				<company>
					<id>1609</id>	
					<name>Mila</name>
				</company>
				
				<company>
					<id>1610</id>	
					<name>SOF</name>
				</company>
				
				<company>
					<id>1624</id>	
					<name>Regi srl</name>
				</company>
				
				<company>
					<id>1644</id>	
					<name>GIULIANI</name>
				</company>
				
				<company>
					<id>1645</id>	
					<name>EDANA Test 1</name>
				</company>
				
				<company>
					<id>1646</id>	
					<name>EDANA Test 3</name>
				</company>
				
				<company>
					<id>1664</id>	
					<name>BIOSCREEN</name>
				</company>
				
				<company>
					<id>1665</id>	
					<name>paperina</name>
				</company>
				
				<company>
					<id>1685</id>	
					<name>Farfalla</name>
				</company>
				
				<company>
					<id>1686</id>	
					<name>LABORATORI KRYMI</name>
				</company>
				
				<company>
					<id>1688</id>	
					<name>KARYS DUE</name>
				</company>
				
				<company>
					<id>1689</id>	
					<name>INFSO.R.3</name>
				</company>
				
				<company>
					<id>1691</id>	
					<name>IDEA</name>
				</company>
				
				<company>
					<id>1692</id>	
					<name>Superfinish2000 LTD</name>
				</company>
				
				<company>
					<id>1693</id>	
					<name>ITALCOSMETICI</name>
				</company>
				
				<company>
					<id>1697</id>	
					<name>Ornatum Cosm&#xe9;tologie</name>
				</company>
				
				<company>
					<id>1704</id>	
					<name>Feeria - 98 LTD</name>
				</company>
				
				<company>
					<id>1706</id>	
					<name>JOS&#xc9; EISENBERG S.A TEST</name>
				</company>
				
				<company>
					<id>1707</id>	
					<name>JOS&#xc9; EISENBERG S.A TEST</name>
				</company>
				
				<company>
					<id>1708</id>	
					<name>QAWE</name>
				</company>
				
				<company>
					<id>1726</id>	
					<name>ITALIA VALOCHE</name>
				</company>
				
				<company>
					<id>1728</id>	
					<name>EISENBERG TEST</name>
				</company>
				
				<company>
					<id>1744</id>	
					<name>nciranan</name>
				</company>
				
				<company>
					<id>1745</id>	
					<name>nciranan</name>
				</company>
				
				<company>
					<id>1747</id>	
					<name>ARKOPHARMA</name>
				</company>
				
				<company>
					<id>1748</id>	
					<name>FEB 01</name>
				</company>
				
				<company>
					<id>1764</id>	
					<name>ITI</name>
				</company>
				
				<company>
					<id>1784</id>	
					<name>nciranan</name>
				</company>
				
				<company>
					<id>1785</id>	
					<name>Arnaud Organisation Belgium</name>
				</company>
				
				<company>
					<id>1785</id>	
					<name>Arnaud Organisation Belgium</name>
				</company>
				
				<company>
					<id>1788</id>	
					<name>anne.rinaldi@arkopharma.com</name>
				</company>
				
				<company>
					<id>1789</id>	
					<name>Trainingsaccount Keune</name>
				</company>
				
				<company>
					<id>1792</id>	
					<name>SoBe</name>
				</company>
				
				<company>
					<id>1794</id>	
					<name>Anadea</name>
				</company>
				
				<company>
					<id>1795</id>	
					<name>benny test</name>
				</company>
				
				<company>
					<id>1798</id>	
					<name>L&apos;Or&#xe9;al</name>
				</company>
				
				<company>
					<id>1799</id>	
					<name>Nouba by Matisse spa</name>
				</company>
				
				<company>
					<id>1800</id>	
					<name>COSVAL</name>
				</company>
				
				<company>
					<id>1801</id>	
					<name>COSMINT</name>
				</company>
				
				<company>
					<id>1802</id>	
					<name>Day2012</name>
				</company>
				
				<company>
					<id>1803</id>	
					<name>WALLY</name>
				</company>
				
				<company>
					<id>1805</id>	
					<name>SoBe1</name>
				</company>
				
				<company>
					<id>1806</id>	
					<name>LABORATOIRE COSMETIQUE DE LECOUSSE</name>
				</company>
				
				<company>
					<id>1807</id>	
					<name>Sobe2</name>
				</company>
				
				<company>
					<id>1808</id>	
					<name>RUCODEM</name>
				</company>
				
				<company>
					<id>1809</id>	
					<name>ROCKLINE INDUSTRIES LTD</name>
				</company>
				
				<company>
					<id>1810</id>	
					<name>MILLENNIUM FRAGRANCES</name>
				</company>
				
				<company>
					<id>1811</id>	
					<name>VPS Group</name>
				</company>
				
				<company>
					<id>1824</id>	
					<name>Natural Cosmetic Ltd.</name>
				</company>
				
				<company>
					<id>1844</id>	
					<name>test organisation</name>
				</company>
				
				<company>
					<id>1864</id>	
					<name>test sub-organisation level 2</name>
				</company>
				
				<company>
					<id>1866</id>	
					<name>Leo Camarcio Cosmetics</name>
				</company>
				
				<company>
					<id>1884</id>	
					<name>R&#xe9;glementaire</name>
				</company>
				
				<company>
					<id>1886</id>	
					<name>PAC BEAUTY PROJECT</name>
				</company>
				
				<company>
					<id>1906</id>	
					<name>PRVE</name>
				</company>
				
				<company>
					<id>1907</id>	
					<name>Fournisseur 1</name>
				</company>
				
				<company>
					<id>1908</id>	
					<name>Rockline Industries Ltd</name>
				</company>
				
				<company>
					<id>1925</id>	
					<name>KEMINOVA ITALIANA</name>
				</company>
				
				<company>
					<id>1926</id>	
					<name>SVRTest</name>
				</company>
				
				<company>
					<id>1944</id>	
					<name>BOURJOIS TEST</name>
				</company>
				
				<company>
					<id>1945</id>	
					<name>Fabrikant A</name>
				</company>
				
				<company>
					<id>1984</id>	
					<name>Unilever</name>
				</company>
				
				<company>
					<id>1985</id>	
					<name>Johnson &amp; Johnson</name>
				</company>
				
				<company>
					<id>1987</id>	
					<name>yrdy2</name>
				</company>
				
				<company>
					<id>1988</id>	
					<name>Pidielle</name>
				</company>
				
				<company>
					<id>1989</id>	
					<name>Less</name>
				</company>
				
				<company>
					<id>1990</id>	
					<name>Less</name>
				</company>
				
				<company>
					<id>1991</id>	
					<name>PAGLIERI SELL SYSTEM</name>
				</company>
				
				<company>
					<id>2024</id>	
					<name>Helansrl</name>
				</company>
				
				<company>
					<id>2025</id>	
					<name>KAPA-REYNOLDS</name>
				</company>
				
				<company>
					<id>2044</id>	
					<name>Jacque org</name>
				</company>
				
				<company>
					<id>2045</id>	
					<name>Sub Jacque org</name>
				</company>
				
				<company>
					<id>2064</id>	
					<name>Balkanpharma</name>
				</company>
				
				<company>
					<id>2104</id>	
					<name>Trainingsaccount SES</name>
				</company>
				
				<company>
					<id>2124</id>	
					<name>gd</name>
				</company>
				
				<company>
					<id>2144</id>	
					<name>x</name>
				</company>
				
				<company>
					<id>2164</id>	
					<name>ITALSILVA</name>
				</company>
				
				<company>
					<id>2165</id>	
					<name>PARISIENNE ITALIA SPA</name>
				</company>
				
				<company>
					<id>2166</id>	
					<name>KLR</name>
				</company>
				
				<company>
					<id>2204</id>	
					<name>BOTTEGAVERDE</name>
				</company>
				
				<company>
					<id>2206</id>	
					<name>Delphic sub organisation 2</name>
				</company>
				
				<company>
					<id>2225</id>	
					<name>PARFUMs COLLECTION INTERNATIONAL</name>
				</company>
				
				<company>
					<id>2226</id>	
					<name>CHROMAVIS</name>
				</company>
				
				<company>
					<id>2247</id>	
					<name>Trainingsaccount Delarange</name>
				</company>
				
				<company>
					<id>2264</id>	
					<name>SKINIUS</name>
				</company>
				
				<company>
					<id>2265</id>	
					<name>Gabriel Health ltd</name>
				</company>
				
				<company>
					<id>2286</id>	
					<name>Delphic Test Organisation</name>
				</company>
				
				<company>
					<id>2288</id>	
					<name>IKW J&amp;J Training Company</name>
				</company>
				
				<company>
					<id>2289</id>	
					<name>Carr</name>
				</company>
				
				<company>
					<id>2290</id>	
					<name>LCS</name>
				</company>
				
				<company>
					<id>2292</id>	
					<name>IKW H&amp;S Training Company</name>
				</company>
				
				<company>
					<id>2304</id>	
					<name>CS</name>
				</company>
				
				<company>
					<id>2324</id>	
					<name>INTERTEK</name>
				</company>
				
				<company>
					<id>2325</id>	
					<name>DELYS</name>
				</company>
				
				<company>
					<id>2344</id>	
					<name>Test-Suborganisation</name>
				</company>
				
				<company>
					<id>2346</id>	
					<name>BRK</name>
				</company>
				
				<company>
					<id>2364</id>	
					<name>Geheimer Lohnhersteller</name>
				</company>
				
				<company>
					<id>2366</id>	
					<name>Paglieri</name>
				</company>
				
				<company>
					<id>2384</id>	
					<name>Ronsapa</name>
				</company>
				
				<company>
					<id>2404</id>	
					<name>Training NCV 3</name>
				</company>
				
				<company>
					<id>2405</id>	
					<name>Training NCV 3</name>
				</company>
				
				<company>
					<id>2424</id>	
					<name>Client Product Registration</name>
				</company>
				
				<company>
					<id>2445</id>	
					<name>Panier</name>
				</company>
				
				<company>
					<id>2447</id>	
					<name>G&amp;P Cosmetics srl</name>
				</company>
				
				<company>
					<id>2484</id>	
					<name>FAMASAR</name>
				</company>
				
				<company>
					<id>2486</id>	
					<name>Paris5.1</name>
				</company>
				
				<company>
					<id>2487</id>	
					<name>Paris5.3</name>
				</company>
				
				<company>
					<id>2488</id>	
					<name>Paris5.2</name>
				</company>
				
				<company>
					<id>2489</id>	
					<name>Paris5.4</name>
				</company>
				
				<company>
					<id>2490</id>	
					<name>code test</name>
				</company>
				
				<company>
					<id>2491</id>	
					<name>PLC europe LM</name>
				</company>
				
				<company>
					<id>2495</id>	
					<name>make-up (&amp; nail varnish/ nail care)</name>
				</company>
				
				<company>
					<id>2496</id>	
					<name>hgdhdhd,hd,</name>
				</company>
				
				<company>
					<id>2500</id>	
					<name>Test Ginkels</name>
				</company>
				
				<company>
					<id>2501</id>	
					<name>KOKONA</name>
				</company>
				
				<company>
					<id>2503</id>	
					<name>KATEKO</name>
				</company>
				
				<company>
					<id>2504</id>	
					<name>pippo</name>
				</company>
				
				<company>
					<id>2505</id>	
					<name>delphi sub test 2</name>
				</company>
				
				<company>
					<id>2545</id>	
					<name>S.I.R.P.E.A. S.P.A.</name>
				</company>
				
				<company>
					<id>2583</id>	
					<name>Training NCV 4</name>
				</company>
				
				<company>
					<id>2604</id>	
					<name>Eurochem Ricerche S.r.l.</name>
				</company>
				
				<company>
					<id>2609</id>	
					<name>Prest</name>
				</company>
				
				<company>
					<id>2610</id>	
					<name>GHS Gruber &amp; Hufnagel</name>
				</company>
				
				<company>
					<id>2612</id>	
					<name>Intercosmetics - T</name>
				</company>
				
				<company>
					<id>2613</id>	
					<name>parent organisation (SANCO)</name>
				</company>
				
				<company>
					<id>2614</id>	
					<name>child child organisation (SANCO)</name>
				</company>
				
				<company>
					<id>2616</id>	
					<name>child organisation (SANCO)</name>
				</company>
				
				<company>
					<id>2625</id>	
					<name>OrganisationMotherOne</name>
				</company>
				
				<company>
					<id>2627</id>	
					<name>OrganisationMotherTwo</name>
				</company>
				
				<company>
					<id>2628</id>	
					<name>OrganisationContractantOne</name>
				</company>
				
				<company>
					<id>2629</id>	
					<name>OrganisationContractantOne</name>
				</company>
				
				<company>
					<id>2630</id>	
					<name>GHS II Gruber &amp; Hufnagel</name>
				</company>
				
				<company>
					<id>2631</id>	
					<name>Systeme U</name>
				</company>
				
				<company>
					<id>2632</id>	
					<name>biopha2</name>
				</company>
				
				<company>
					<id>2645</id>	
					<name>Alecs</name>
				</company>
				
				<company>
					<id>2647</id>	
					<name>Sanco123</name>
				</company>
				
				<company>
					<id>2648</id>	
					<name>CARMA ITALIA SRL</name>
				</company>
				
				<company>
					<id>2649</id>	
					<name>GHS II Entwicklung</name>
				</company>
				
				<company>
					<id>2664</id>	
					<name>C.F.E.B. SISLEY</name>
				</company>
				
				<company>
					<id>2665</id>	
					<name>Aldem</name>
				</company>
				
				<company>
					<id>2666</id>	
					<name>Oanadem</name>
				</company>
				
				<company>
					<id>2667</id>	
					<name>Cosmetic innovations</name>
				</company>
				
				<company>
					<id>2668</id>	
					<name>Peter Greven Physioderm</name>
				</company>
				
				<company>
					<id>2671</id>	
					<name>Richie Rich</name>
				</company>
				
				<company>
					<id>2672</id>	
					<name>Test local admin</name>
				</company>
				
				<company>
					<id>2673</id>	
					<name>test Local Admin different user</name>
				</company>
				
				<company>
					<id>2674</id>	
					<name>DISTRIB FEBEA</name>
				</company>
				
				<company>
					<id>2684</id>	
					<name>LBD</name>
				</company>
				
				<company>
					<id>2685</id>	
					<name>GT</name>
				</company>
				
				<company>
					<id>2705</id>	
					<name>LBD2</name>
				</company>
				
				<company>
					<id>2725</id>	
					<name>Biotrade Bulgaria</name>
				</company>
				
				<company>
					<id>2726</id>	
					<name>ACQUA LETE</name>
				</company>
				
				<company>
					<id>2727</id>	
					<name>Ferrari</name>
				</company>
				
				<company>
					<id>2745</id>	
					<name>training</name>
				</company>
				
				<company>
					<id>2746</id>	
					<name>BIOPHA3</name>
				</company>
				
				<company>
					<id>2751</id>	
					<name>Fiore S.p.A.</name>
				</company>
				
				<company>
					<id>2754</id>	
					<name>JoKoe</name>
				</company>
				
				<company>
					<id>2755</id>	
					<name>My RP company 1</name>
				</company>
				
				<company>
					<id>2756</id>	
					<name>My RP company 2</name>
				</company>
				
				<company>
					<id>2757</id>	
					<name>RP3</name>
				</company>
				
				<company>
					<id>2758</id>	
					<name>DELEGATE 1 - RP1</name>
				</company>
				
				<company>
					<id>2759</id>	
					<name>DELEGATE 2 - RP1</name>
				</company>
				
				<company>
					<id>2760</id>	
					<name>DELEGATE 1 - RP2</name>
				</company>
				
				<company>
					<id>2761</id>	
					<name>DELEGATE 2 - RP2</name>
				</company>
				
				<company>
					<id>2764</id>	
					<name>SOC.IN.COS SRL</name>
				</company>
				
				<company>
					<id>2765</id>	
					<name>Micys Company</name>
				</company>
				
				<company>
					<id>2766</id>	
					<name>Villa Borghini Europa</name>
				</company>
				
				<company>
					<id>2767</id>	
					<name>ADNKS</name>
				</company>
				
				<company>
					<id>2768</id>	
					<name>Fournisseur 2</name>
				</company>
				
				<company>
					<id>2769</id>	
					<name>ADNKS</name>
				</company>
				
				<company>
					<id>2771</id>	
					<name>kosmic</name>
				</company>
				
				<company>
					<id>2785</id>	
					<name>Cosmesi Italia</name>
				</company>
				
				<company>
					<id>2805</id>	
					<name>Madis S.A.</name>
				</company>
				
				<company>
					<id>2806</id>	
					<name>ASW 1036</name>
				</company>
				
				<company>
					<id>2844</id>	
					<name>PF</name>
				</company>
				
				<company>
					<id>2845</id>	
					<name>UniproBER</name>
				</company>
				
				<company>
					<id>2847</id>	
					<name>COLOMBA</name>
				</company>
				
				<company>
					<id>2864</id>	
					<name>Procter &amp; Gamble</name>
				</company>
				
				<company>
					<id>2865</id>	
					<name>ahavni uzunyan</name>
				</company>
				
				<company>
					<id>2866</id>	
					<name>KORRES S.A. - NATURAL PRODUCTS</name>
				</company>
				
				<company>
					<id>2869</id>	
					<name>LABORATOIRES DERMATOLOGIQUES AVENE</name>
				</company>
				
				<company>
					<id>2870</id>	
					<name>DUCRAY</name>
				</company>
				
				<company>
					<id>2884</id>	
					<name>BOIRON TEST</name>
				</company>
				
				<company>
					<id>2885</id>	
					<name>UEAPME Test Nano</name>
				</company>
				
				<company>
					<id>2904</id>	
					<name>AGIVA</name>
				</company>
				
				<company>
					<id>2905</id>	
					<name>COTRIL</name>
				</company>
				
				<company>
					<id>2906</id>	
					<name>terzista Unipro BER</name>
				</company>
				
				<company>
					<id>2910</id>	
					<name>Training_LOOkX</name>
				</company>
				
				<company>
					<id>2913</id>	
					<name>STT1</name>
				</company>
				
				<company>
					<id>2917</id>	
					<name>CT cons</name>
				</company>
				
				<company>
					<id>2921</id>	
					<name>BODI BEAUTY</name>
				</company>
				
				<company>
					<id>2924</id>	
					<name>Aroma</name>
				</company>
				
				<company>
					<id>2945</id>	
					<name>Aroma Cosmetics</name>
				</company>
				
				<company>
					<id>2946</id>	
					<name>Thalloderma</name>
				</company>
				
				<company>
					<id>2951</id>	
					<name>STS HOLDING GROUP</name>
				</company>
				
				<company>
					<id>2964</id>	
					<name>Peter Greven Physioderm</name>
				</company>
				
				<company>
					<id>2966</id>	
					<name>Cos_Rei_unter</name>
				</company>
				
				<company>
					<id>2968</id>	
					<name>ET Todor Stefanov</name>
				</company>
				
				<company>
					<id>2969</id>	
					<name>Test12345</name>
				</company>
				
				<company>
					<id>2971</id>	
					<name>Peter Greven Physioderm Trainer</name>
				</company>
				
				<company>
					<id>2973</id>	
					<name>sophie</name>
				</company>
				
				<company>
					<id>2984</id>	
					<name>Hristiyana</name>
				</company>
				
				<company>
					<id>2986</id>	
					<name>Konstantin</name>
				</company>
				
				<company>
					<id>2987</id>	
					<name>Trainingsaccount MZ</name>
				</company>
				
				<company>
					<id>3004</id>	
					<name>sous organisation test</name>
				</company>
				
				<company>
					<id>3005</id>	
					<name>MPM</name>
				</company>
				
				<company>
					<id>3024</id>	
					<name>COSMODERMA</name>
				</company>
				
				<company>
					<id>3025</id>	
					<name>Violeta Antova</name>
				</company>
				
				<company>
					<id>3026</id>	
					<name>GER-Industry-Distributor</name>
				</company>
				
				<company>
					<id>3045</id>	
					<name>DIT - COMMERCE LTD</name>
				</company>
				
				<company>
					<id>3047</id>	
					<name>GER-Test Suborg 2</name>
				</company>
				
				<company>
					<id>3064</id>	
					<name>LOMBAGINE PRODUCTS ESTABLISHMENT</name>
				</company>
				
				<company>
					<id>3106</id>	
					<name>John Allan Products</name>
				</company>
				
				<company>
					<id>3144</id>	
					<name>LUNEL COSMETICS, S.L.</name>
				</company>
				
				<company>
					<id>3145</id>	
					<name>My delegate company 1</name>
				</company>
				
				<company>
					<id>3165</id>	
					<name>Trainingsaccount B&amp;Z</name>
				</company>
				
				<company>
					<id>3184</id>	
					<name>Beautimport</name>
				</company>
				
				<company>
					<id>3185</id>	
					<name>Newlevel2</name>
				</company>
				
				<company>
					<id>3205</id>	
					<name>SICCCosmex</name>
				</company>
				
				<company>
					<id>3207</id>	
					<name>ATANOR</name>
				</company>
				
				<company>
					<id>3208</id>	
					<name>ATANOR</name>
				</company>
				
				<company>
					<id>3227</id>	
					<name>My delegate company 2</name>
				</company>
				
				<company>
					<id>3228</id>	
					<name>My RP company 2</name>
				</company>
				
				<company>
					<id>3229</id>	
					<name>My delegate company 1</name>
				</company>
				
				<company>
					<id>3231</id>	
					<name>CTPA Delegate</name>
				</company>
				
				<company>
					<id>3233</id>	
					<name>NCV Delegate</name>
				</company>
				
				<company>
					<id>3235</id>	
					<name>CTPA Test NCV</name>
				</company>
				
				<company>
					<id>3238</id>	
					<name>BASF</name>
				</company>
				
				<company>
					<id>3239</id>	
					<name>DELEGATE NANO 8 DECEMBRE</name>
				</company>
				
				<company>
					<id>3245</id>	
					<name>Garycomers</name>
				</company>
				
				<company>
					<id>3248</id>	
					<name>NANOSccs</name>
				</company>
				
				<company>
					<id>3249</id>	
					<name>NANOCommission</name>
				</company>
				
				<company>
					<id>3250</id>	
					<name>NANORESPORG</name>
				</company>
				
				<company>
					<id>3251</id>	
					<name>NANODelegateORG</name>
				</company>
				
				<company>
					<id>3252</id>	
					<name>Ego Pharmaceuticals UK Ltd</name>
				</company>
				
				<company>
					<id>3253</id>	
					<name>Novame</name>
				</company>
				
				<company>
					<id>3254</id>	
					<name>Fresh&#xe9;a test</name>
				</company>
				
				<company>
					<id>3265</id>	
					<name>MRD</name>
				</company>
				
				<company>
					<id>3266</id>	
					<name>MRD1</name>
				</company>
				
				<company>
					<id>3285</id>	
					<name>Trainingsaccount MZ</name>
				</company>
				
				<company>
					<id>3286</id>	
					<name>LANCOME PARFUMS ET BEAUTE</name>
				</company>
				
				<company>
					<id>3287</id>	
					<name>COSMETIQUE ACTIVE INTENATIONAL</name>
				</company>
				
				<company>
					<id>3326</id>	
					<name>ICR PROVA</name>
				</company>
				
				<company>
					<id>3348</id>	
					<name>VITAL00</name>
				</company>
				
				<company>
					<id>3364</id>	
					<name>essai FV</name>
				</company>
				
				<company>
					<id>3404</id>	
					<name>NATURA EUROPA</name>
				</company>
				
				<company>
					<id>3467</id>	
					<name>LABORATOIRES LASERINE</name>
				</company>
				
				<company>
					<id>3468</id>	
					<name>Kirchberger Kosmetik GmbH</name>
				</company>
				
				<company>
					<id>3484</id>	
					<name>Trainingsaccount DermaPrime</name>
				</company>
				
				<company>
					<id>3486</id>	
					<name>GERMO</name>
				</company>
				
				<company>
					<id>3526</id>	
					<name>IDI FARMACEUTICI</name>
				</company>
				
				<company>
					<id>3564</id>	
					<name>Podorganizacja PZPK 1</name>
				</company>
				
				<company>
					<id>3569</id>	
					<name>Aglaia</name>
				</company>
				
				<company>
					<id>3584</id>	
					<name>Rouge Bunny Rouge UK Ltd</name>
				</company>
				
				<company>
					<id>3586</id>	
					<name>Annamaria srl</name>
				</company>
				
				<company>
					<id>3587</id>	
					<name>TS13-01-15</name>
				</company>
				
				<company>
					<id>3604</id>	
					<name>Training</name>
				</company>
				
				<company>
					<id>3605</id>	
					<name>FB</name>
				</company>
				
				<company>
					<id>3606</id>	
					<name>AICHA</name>
				</company>
				
				<company>
					<id>3607</id>	
					<name>LAETITIA</name>
				</company>
				
				<company>
					<id>3608</id>	
					<name>Caro L</name>
				</company>
				
				<company>
					<id>3609</id>	
					<name>Caro L</name>
				</company>
				
				<company>
					<id>3610</id>	
					<name>Eve</name>
				</company>
				
				<company>
					<id>3611</id>	
					<name>FAM MARY</name>
				</company>
				
				<company>
					<id>3612</id>	
					<name>ROCAILLEUX</name>
				</company>
				
				<company>
					<id>3613</id>	
					<name>NICOLAS</name>
				</company>
				
				<company>
					<id>3614</id>	
					<name>amulius</name>
				</company>
				
				<company>
					<id>3615</id>	
					<name>Audrey</name>
				</company>
				
				<company>
					<id>3616</id>	
					<name>nathdel</name>
				</company>
				
				<company>
					<id>3617</id>	
					<name>gentiana</name>
				</company>
				
				<company>
					<id>3618</id>	
					<name>pascale</name>
				</company>
				
				<company>
					<id>3619</id>	
					<name>AH</name>
				</company>
				
				<company>
					<id>3620</id>	
					<name>AH</name>
				</company>
				
				<company>
					<id>3621</id>	
					<name>AH</name>
				</company>
				
				<company>
					<id>3622</id>	
					<name>kadou</name>
				</company>
				
				<company>
					<id>3628</id>	
					<name>kadou</name>
				</company>
				
				<company>
					<id>3629</id>	
					<name>miam</name>
				</company>
				
				<company>
					<id>3631</id>	
					<name>fdg</name>
				</company>
				
				<company>
					<id>3670</id>	
					<name>PLG</name>
				</company>
				
				<company>
					<id>3684</id>	
					<name>claudia</name>
				</company>
				
				<company>
					<id>3685</id>	
					<name>claudia</name>
				</company>
				
				<company>
					<id>3686</id>	
					<name>Versuch</name>
				</company>
				
				<company>
					<id>3687</id>	
					<name>claudia2</name>
				</company>
				
				<company>
					<id>3688</id>	
					<name>claudia3</name>
				</company>
				
				<company>
					<id>3690</id>	
					<name>DGT.A.FI.2.001</name>
				</company>
				
				<company>
					<id>3697</id>	
					<name>TEST account EU-REG</name>
				</company>
				
				<company>
					<id>3699</id>	
					<name>Laboratori Cosmetici TRICOSAL</name>
				</company>
				
				<company>
					<id>3700</id>	
					<name>Industrie Pagoda</name>
				</company>
				
				<company>
					<id>3701</id>	
					<name>Podorganizacja PZPK 1</name>
				</company>
				
				<company>
					<id>3704</id>	
					<name>IKW Delegate</name>
				</company>
				
				<company>
					<id>3705</id>	
					<name>DELAROM (essai)</name>
				</company>
				
				<company>
					<id>3706</id>	
					<name>SESSI</name>
				</company>
				
				<company>
					<id>3707</id>	
					<name>Berater001</name>
				</company>
				
				<company>
					<id>3708</id>	
					<name>Lohnhersteller123</name>
				</company>
				
				<company>
					<id>3709</id>	
					<name>Berater007</name>
				</company>
				
				<company>
					<id>3711</id>	
					<name>ZENITH PARFUMS PARIS</name>
				</company>
				
				<company>
					<id>3714</id>	
					<name>Ruven srl</name>
				</company>
				
				<company>
					<id>3715</id>	
					<name>TRE EFFE SRL</name>
				</company>
				
				<company>
					<id>3717</id>	
					<name>DGT.B.PL.2</name>
				</company>
				
				<company>
					<id>3724</id>	
					<name>IKW Delegate</name>
				</company>
				
				<company>
					<id>3725</id>	
					<name>Elixirs &amp; Co</name>
				</company>
				
				<company>
					<id>3726</id>	
					<name>Hair Company s.r.l.</name>
				</company>
				
				<company>
					<id>3727</id>	
					<name>Laboratoires Henri Barre s.n.c.</name>
				</company>
				
				<company>
					<id>3728</id>	
					<name>DGT.C.LV.2</name>
				</company>
				
				<company>
					<id>3745</id>	
					<name>Convertingwetwipes</name>
				</company>
				
				<company>
					<id>3764</id>	
					<name>GHS II Entwicklung II</name>
				</company>
				
				<company>
					<id>3767</id>	
					<name>SANCO.DDG1.C.2</name>
				</company>
				
				<company>
					<id>3784</id>	
					<name>BernUNIPRO</name>
				</company>
				
				<company>
					<id>3785</id>	
					<name>BernUNIPRO</name>
				</company>
				
				<company>
					<id>3789</id>	
					<name>BERDOUES PARFUMS ET COSMETIQUES</name>
				</company>
				
				<company>
					<id>3791</id>	
					<name>UCO2013</name>
				</company>
				
				<company>
					<id>3805</id>	
					<name>TESTSICO</name>
				</company>
				
				<company>
					<id>3845</id>	
					<name>DGT.C.NL.2</name>
				</company>
				
				<company>
					<id>3847</id>	
					<name>Jacques Bogart Italie</name>
				</company>
				
				<company>
					<id>3848</id>	
					<name>Ronasapa 2</name>
				</company>
				
				<company>
					<id>3866</id>	
					<name>DPLANTES</name>
				</company>
				
				<company>
					<id>3884</id>	
					<name>BBCOSPROVA</name>
				</company>
				
				<company>
					<id>3890</id>	
					<name>ZUFLO</name>
				</company>
				
				<company>
					<id>3905</id>	
					<name>Pippo</name>
				</company>
				
				<company>
					<id>3907</id>	
					<name>8B-BPN prova1</name>
				</company>
				
				<company>
					<id>3924</id>	
					<name>Nuncas Italia</name>
				</company>
				
				<company>
					<id>3926</id>	
					<name>M+H, M&#xed;ča a Harašta s.r.o.</name>
				</company>
				
				<company>
					<id>3946</id>	
					<name>NIRVEN</name>
				</company>
				
				<company>
					<id>3965</id>	
					<name>MBE</name>
				</company>
				
				<company>
					<id>3985</id>	
					<name>DGT.B.ET.2</name>
				</company>
				
				<company>
					<id>4004</id>	
					<name>INCOS</name>
				</company>
				
				<company>
					<id>4009</id>	
					<name>Landoll srl</name>
				</company>
				
				<company>
					<id>4044</id>	
					<name>ARAS s.a.s. di Ranchelli Stefano &amp; c.</name>
				</company>
				
				<company>
					<id>4064</id>	
					<name>Ronsapa 3</name>
				</company>
				
				<company>
					<id>4084</id>	
					<name>VALENALE</name>
				</company>
				
				<company>
					<id>4086</id>	
					<name>COS60STO</name>
				</company>
				
				<company>
					<id>4105</id>	
					<name>marco cosmetici</name>
				</company>
				
				<company>
					<id>4124</id>	
					<name>Trainingsaccount TRIND Cosmetics BV</name>
				</company>
				
				<company>
					<id>4127</id>	
					<name>ANA</name>
				</company>
				
				<company>
					<id>4133</id>	
					<name>PR60STO</name>
				</company>
				
				<company>
					<id>4134</id>	
					<name>ST160STO</name>
				</company>
				
				<company>
					<id>4135</id>	
					<name>ST260STO</name>
				</company>
				
				<company>
					<id>4136</id>	
					<name>ST360STO</name>
				</company>
				
				<company>
					<id>4137</id>	
					<name>ST460STO</name>
				</company>
				
				<company>
					<id>4138</id>	
					<name>ST560STO</name>
				</company>
				
				<company>
					<id>4139</id>	
					<name>ST660STO</name>
				</company>
				
				<company>
					<id>4140</id>	
					<name>ST760STO</name>
				</company>
				
				<company>
					<id>4164</id>	
					<name>Kasiopeia 17 Ltd</name>
				</company>
				
				<company>
					<id>4166</id>	
					<name>trainingsaccount Treffina</name>
				</company>
				
				<company>
					<id>4184</id>	
					<name>Cosmedical</name>
				</company>
				
				<company>
					<id>4187</id>	
					<name>PATYKA</name>
				</company>
				
				<company>
					<id>4188</id>	
					<name>Trainingsaccount Trind Cosmetics BV</name>
				</company>
				
				<company>
					<id>4204</id>	
					<name>Ikarov</name>
				</company>
				
				<company>
					<id>4224</id>	
					<name>Federal Office of Public Health</name>
				</company>
				
				<company>
					<id>4225</id>	
					<name>ROTTAPHARM S.L.</name>
				</company>
				
				<company>
					<id>4227</id>	
					<name>SOCO SPA</name>
				</company>
				
				<company>
					<id>4231</id>	
					<name>Beautimport S.r.l.</name>
				</company>
				
				<company>
					<id>4232</id>	
					<name>Merino Service Linea Natura S.n.c.</name>
				</company>
				
				<company>
					<id>4245</id>	
					<name>Distri</name>
				</company>
				
				<company>
					<id>4246</id>	
					<name>distrib</name>
				</company>
				
				<company>
					<id>4284</id>	
					<name>TS13-03-13</name>
				</company>
				
				<company>
					<id>4285</id>	
					<name>Delegate Organization NANO</name>
				</company>
				
				<company>
					<id>4286</id>	
					<name>roma2013</name>
				</company>
				
				<company>
					<id>4287</id>	
					<name>VALENALENTINA</name>
				</company>
				
				<company>
					<id>4288</id>	
					<name>004B</name>
				</company>
				
				<company>
					<id>4289</id>	
					<name>SYLVIE</name>
				</company>
				
				<company>
					<id>4290</id>	
					<name>Charlotte</name>
				</company>
				
				<company>
					<id>4291</id>	
					<name>Chlo&#xe9;</name>
				</company>
				
				<company>
					<id>4292</id>	
					<name>Sabine</name>
				</company>
				
				<company>
					<id>4293</id>	
					<name>MONIRA</name>
				</company>
				
				<company>
					<id>4294</id>	
					<name>audrey</name>
				</company>
				
				<company>
					<id>4295</id>	
					<name>Veronique</name>
				</company>
				
				<company>
					<id>4296</id>	
					<name>Emilie</name>
				</company>
				
				<company>
					<id>4297</id>	
					<name>Brigitte</name>
				</company>
				
				<company>
					<id>4298</id>	
					<name>MYRIAM</name>
				</company>
				
				<company>
					<id>4299</id>	
					<name>MYRIAM</name>
				</company>
				
				<company>
					<id>4300</id>	
					<name>valat</name>
				</company>
				
				<company>
					<id>4301</id>	
					<name>GALITH</name>
				</company>
				
				<company>
					<id>4302</id>	
					<name>MONIRA</name>
				</company>
				
				<company>
					<id>4303</id>	
					<name>demo1</name>
				</company>
				
				<company>
					<id>4306</id>	
					<name>GALITHB</name>
				</company>
				
				<company>
					<id>4309</id>	
					<name>Isabelle</name>
				</company>
				
				<company>
					<id>4324</id>	
					<name>PLG AG</name>
				</company>
				
				<company>
					<id>4325</id>	
					<name>RAUSCH GmbH Deutschland</name>
				</company>
				
				<company>
					<id>4347</id>	
					<name>DORI LUX LTD</name>
				</company>
				
				<company>
					<id>4388</id>	
					<name>Visoanska</name>
				</company>
				
				<company>
					<id>4389</id>	
					<name>Equilibra slr</name>
				</company>
				
				<company>
					<id>4390</id>	
					<name>black Up</name>
				</company>
				
				<company>
					<id>4391</id>	
					<name>fournisseur 1</name>
				</company>
				
				<company>
					<id>4392</id>	
					<name>test</name>
				</company>
				
				<company>
					<id>4424</id>	
					<name>flora02</name>
				</company>
				
				<company>
					<id>4427</id>	
					<name>COSWELL</name>
				</company>
				
				<company>
					<id>4444</id>	
					<name>nano test ueapme</name>
				</company>
				
				<company>
					<id>4445</id>	
					<name>UEAPME TEST NANO</name>
				</company>
				
				<company>
					<id>4446</id>	
					<name>ISEMAR</name>
				</company>
				
				<company>
					<id>4448</id>	
					<name>FONTANA CONTARINI SRL</name>
				</company>
				
				<company>
					<id>4449</id>	
					<name>stefani spa</name>
				</company>
				
				<company>
					<id>4450</id>	
					<name>Carr Distributeur</name>
				</company>
				
				<company>
					<id>4451</id>	
					<name>Distrib carr</name>
				</company>
				
				<company>
					<id>4452</id>	
					<name>test arnaud</name>
				</company>
				
				<company>
					<id>4453</id>	
					<name>arnaud2</name>
				</company>
				
				<company>
					<id>4454</id>	
					<name>MONTALTO SNC</name>
				</company>
				
				<company>
					<id>4458</id>	
					<name>ARCO</name>
				</company>
				
				<company>
					<id>4459</id>	
					<name>Francesca</name>
				</company>
				
				<company>
					<id>4460</id>	
					<name>Francesca 2</name>
				</company>
				
				<company>
					<id>4462</id>	
					<name>paola</name>
				</company>
				
				<company>
					<id>4463</id>	
					<name>ARGENT DE POCHE SRL</name>
				</company>
				
				<company>
					<id>4464</id>	
					<name>Primia S.r.l.</name>
				</company>
				
				<company>
					<id>4484</id>	
					<name>Embryolisse</name>
				</company>
				
				<company>
					<id>4485</id>	
					<name>claudia Del</name>
				</company>
				
				<company>
					<id>4486</id>	
					<name>claudia Kunde</name>
				</company>
				
				<company>
					<id>4487</id>	
					<name>claudia unter Peter Greven</name>
				</company>
				
				<company>
					<id>4488</id>	
					<name>claudia unter peter greven del</name>
				</company>
				
				<company>
					<id>4492</id>	
					<name>Delegatura</name>
				</company>
				
				<company>
					<id>4493</id>	
					<name>Delegatura podorganizacji</name>
				</company>
				
				<company>
					<id>4494</id>	
					<name>ICEA</name>
				</company>
				
				<company>
					<id>4496</id>	
					<name>EFFEGILAB</name>
				</company>
				
				<company>
					<id>4500</id>	
					<name>TS13-04-16</name>
				</company>
				
				<company>
					<id>4501</id>	
					<name>ICSEA</name>
				</company>
				
				<company>
					<id>4502</id>	
					<name>fran&#xe7;ois</name>
				</company>
				
				<company>
					<id>4503</id>	
					<name>nathalie</name>
				</company>
				
				<company>
					<id>4504</id>	
					<name>david</name>
				</company>
				
				<company>
					<id>4505</id>	
					<name>claire</name>
				</company>
				
				<company>
					<id>4506</id>	
					<name>annie</name>
				</company>
				
				<company>
					<id>4507</id>	
					<name>marianne</name>
				</company>
				
				<company>
					<id>4510</id>	
					<name>FB SARL</name>
				</company>
				
				<company>
					<id>4511</id>	
					<name>SOUS TRAITANT 12345</name>
				</company>
				
				<company>
					<id>4513</id>	
					<name>ICSEA</name>
				</company>
				
				<company>
					<id>4515</id>	
					<name>TEST</name>
				</company>
				
				<company>
					<id>4516</id>	
					<name>Jan inc</name>
				</company>
				
				<company>
					<id>4517</id>	
					<name>EFFEGILAB</name>
				</company>
				
				<company>
					<id>4520</id>	
					<name>CORSICA</name>
				</company>
				
				<company>
					<id>4524</id>	
					<name>Test</name>
				</company>
				
				<company>
					<id>4525</id>	
					<name>Asoc. Nac. fabricantes de Perfumer&#xed;a y Cosm&#xe9;tica</name>
				</company>
				
				<company>
					<id>4527</id>	
					<name>FabricanteBCN-REN2017</name>
				</company>
				
				<company>
					<id>4545</id>	
					<name>aprilversuch</name>
				</company>
				
				<company>
					<id>4546</id>	
					<name>aprilversuch2</name>
				</company>
				
				<company>
					<id>4548</id>	
					<name>Yu Lan Bertarelli</name>
				</company>
				
				<company>
					<id>4549</id>	
					<name>Laboratoires KLORANE</name>
				</company>
				
				<company>
					<id>4550</id>	
					<name>EVICfrance</name>
				</company>
				
				<company>
					<id>4552</id>	
					<name>/test VISION</name>
				</company>
				
				<company>
					<id>4555</id>	
					<name>EllegiBiocosmetica srl</name>
				</company>
				
				<company>
					<id>4565</id>	
					<name>Mascara Plus3 Srl</name>
				</company>
				
				<company>
					<id>4575</id>	
					<name>Technature</name>
				</company>
				
				<company>
					<id>4576</id>	
					<name>COSMETHIC</name>
				</company>
				
				<company>
					<id>4578</id>	
					<name>luisaprova</name>
				</company>
				
				<company>
					<id>4580</id>	
					<name>/DISTRIBUTEUR ARKOPHARMA</name>
				</company>
				
				<company>
					<id>4581</id>	
					<name>Catzy</name>
				</company>
				
				<company>
					<id>4583</id>	
					<name>Laboratoire Dr Reiner Janka</name>
				</company>
				
				<company>
					<id>4584</id>	
					<name>Werk 1</name>
				</company>
				
				<company>
					<id>4587</id>	
					<name>Multiossigen Srl</name>
				</company>
				
				<company>
					<id>4598</id>	
					<name>AKD TEST Products</name>
				</company>
				
				<company>
					<id>4599</id>	
					<name>SKIN&apos;UP</name>
				</company>
				
				<company>
					<id>4611</id>	
					<name>HDP TEST</name>
				</company>
				
				<company>
					<id>4613</id>	
					<name>CAMORAK SRL</name>
				</company>
				
				<company>
					<id>4616</id>	
					<name>ELP SAS test</name>
				</company>
				
				<company>
					<id>4619</id>	
					<name>CAMPELE DIST</name>
				</company>
				
				<company>
					<id>4624</id>	
					<name>NEWCO</name>
				</company>
				
				<company>
					<id>4663</id>	
					<name>EUCOSOFTWARE1</name>
				</company>
				
				<company>
					<id>4727</id>	
					<name>DGT.B.RO.2</name>
				</company>
				
				<company>
					<id>4736</id>	
					<name>ISEMAR</name>
				</company>
				
				<company>
					<id>4744</id>	
					<name>Magaldi life</name>
				</company>
				
				<company>
					<id>4746</id>	
					<name>TESTORG 1706</name>
				</company>
				
				<company>
					<id>4749</id>	
					<name>TESTORG 17063</name>
				</company>
				
				<company>
					<id>4753</id>	
					<name>Jonathan Lebrun</name>
				</company>
				
				<company>
					<id>4762</id>	
					<name>DEXI INTERNATIONAL</name>
				</company>
				
				<company>
					<id>4767</id>	
					<name>AGER</name>
				</company>
				
				<company>
					<id>4786</id>	
					<name>Eutopie</name>
				</company>
				
				<company>
					<id>4810</id>	
					<name>Midsona Norge AS</name>
				</company>
				
				<company>
					<id>4838</id>	
					<name>123STELLA</name>
				</company>
				
				<company>
					<id>4862</id>	
					<name>AMBER 83</name>
				</company>
				
				<company>
					<id>4866</id>	
					<name>RTD.R.3</name>
				</company>
				
				<company>
					<id>4908</id>	
					<name>test 20130716</name>
				</company>
				
				<company>
					<id>4909</id>	
					<name>la eff</name>
				</company>
				
				<company>
					<id>4929</id>	
					<name>FARMASI COSMETICS</name>
				</company>
				
				<company>
					<id>4942</id>	
					<name>UNIEST</name>
				</company>
				
				<company>
					<id>4945</id>	
					<name>PackTube</name>
				</company>
				
				<company>
					<id>4955</id>	
					<name>UNIEST</name>
				</company>
				
				<company>
					<id>4958</id>	
					<name>cosnova GmbH</name>
				</company>
				
				<company>
					<id>4976</id>	
					<name>bbbb</name>
				</company>
				
				<company>
					<id>4982</id>	
					<name>Dr. Rimpler GmbH</name>
				</company>
				
				<company>
					<id>5020</id>	
					<name>ccc</name>
				</company>
				
				<company>
					<id>5119</id>	
					<name>SANCO.A.5.001</name>
				</company>
				
				<company>
					<id>5248</id>	
					<name>Try It</name>
				</company>
				
				<company>
					<id>5318</id>	
					<name>EC Medica/EC Rep</name>
				</company>
				
				<company>
					<id>5345</id>	
					<name>ESSAI 1</name>
				</company>
				
				<company>
					<id>5351</id>	
					<name>IFF</name>
				</company>
				
				<company>
					<id>5364</id>	
					<name>Gurt_Cos</name>
				</company>
				
				<company>
					<id>5365</id>	
					<name>arnaud3</name>
				</company>
				
				<company>
					<id>5440</id>	
					<name>Handelsvertretung f&amp;uuml;r Kosmetik Anna Schmidt</name>
				</company>
				
				<company>
					<id>5443</id>	
					<name>DIGIT.C.1.005</name>
				</company>
				
				<company>
					<id>5454</id>	
					<name>Pettenon Cosmetics Spa</name>
				</company>
				
				<company>
					<id>5501</id>	
					<name>SuborgOne</name>
				</company>
				
				<company>
					<id>5502</id>	
					<name>SuborgTwo</name>
				</company>
				
				<company>
					<id>5506</id>	
					<name>bbbb</name>
				</company>
				
				<company>
					<id>5517</id>	
					<name>sous organisation Essai</name>
				</company>
				
				<company>
					<id>5520</id>	
					<name>Meucci</name>
				</company>
				
				<company>
					<id>5558</id>	
					<name>DGT.D.1</name>
				</company>
				
				<company>
					<id>5624</id>	
					<name>Compte 1</name>
				</company>
				
				<company>
					<id>5625</id>	
					<name>Compte 2</name>
				</company>
				
				<company>
					<id>5669</id>	
					<name>Sub OE</name>
				</company>
				
				<company>
					<id>5684</id>	
					<name>test florkin</name>
				</company>
				
				<company>
					<id>5685</id>	
					<name>sub florkin 1</name>
				</company>
				
				<company>
					<id>5686</id>	
					<name>sub florkin 2</name>
				</company>
				
				<company>
					<id>5725</id>	
					<name>SOLGRI d.o.o.</name>
				</company>
				
				<company>
					<id>5804</id>	
					<name>Borgen Skincare ApS</name>
				</company>
				
				<company>
					<id>5841</id>	
					<name>1978</name>
				</company>
				
				<company>
					<id>5849</id>	
					<name>Foucart Company</name>
				</company>
				
				<company>
					<id>5870</id>	
					<name>PROFUMI DI VALTELLINA di Romanello Agnese</name>
				</company>
				
				<company>
					<id>5957</id>	
					<name>Dynitsrl</name>
				</company>
				
				<company>
					<id>5965</id>	
					<name>PANIKOS EMPORIA KALLYNTIKON SA</name>
				</company>
				
				<company>
					<id>6044</id>	
					<name>ABC_Kosmetik_unter_Rei</name>
				</company>
				
				<company>
					<id>6184</id>	
					<name>arnaud2.1</name>
				</company>
				
				<company>
					<id>6185</id>	
					<name>arnaud2.2</name>
				</company>
				
				<company>
					<id>6186</id>	
					<name>arnaud3.1</name>
				</company>
				
				<company>
					<id>6187</id>	
					<name>arnaud3.2</name>
				</company>
				
				<company>
					<id>6305</id>	
					<name>German Nanocare Sub</name>
				</company>
				
				<company>
					<id>6349</id>	
					<name>DGT.C.ES.2</name>
				</company>
				
				<company>
					<id>6367</id>	
					<name>DGT.D.FR.4</name>
				</company>
				
				<company>
					<id>6369</id>	
					<name>DGT.C.SL.1</name>
				</company>
				
				<company>
					<id>6384</id>	
					<name>SUDCOSMETICS Sous Traitant 1</name>
				</company>
				
				<company>
					<id>6446</id>	
					<name>Sub org</name>
				</company>
				
				<company>
					<id>6526</id>	
					<name>Idonea</name>
				</company>
				
				<company>
					<id>6630</id>	
					<name>UCO2014</name>
				</company>
				
				<company>
					<id>6865</id>	
					<name>Essai</name>
				</company>
				
				<company>
					<id>6891</id>	
					<name>BEAUTYGE</name>
				</company>
				
				<company>
					<id>7045</id>	
					<name>Werk 2</name>
				</company>
				
				<company>
					<id>7046</id>	
					<name>Werk 3</name>
				</company>
				
				<company>
					<id>7245</id>	
					<name>Alala</name>
				</company>
				
				<company>
					<id>7246</id>	
					<name>Lilili</name>
				</company>
				
				<company>
					<id>7274</id>	
					<name>SANTE.A.4.002</name>
				</company>
				
				<company>
					<id>7275</id>	
					<name>AICPortugal2</name>
				</company>
				
				<company>
					<id>7326</id>	
					<name>GROW.I.4</name>
				</company>
				
				<company>
					<id>7365</id>	
					<name>Simone Lombardi</name>
				</company>
				
				<company>
					<id>7366</id>	
					<name>versuch</name>
				</company>
				
				<company>
					<id>7405</id>	
					<name>GROW.R.3</name>
				</company>
				
				<company>
					<id>7439</id>	
					<name>stanpatectrial</name>
				</company>
				
				<company>
					<id>7440</id>	
					<name>stanpatectrial2</name>
				</company>
				
				<company>
					<id>7441</id>	
					<name>stanpatectrial3</name>
				</company>
				
				<company>
					<id>7442</id>	
					<name>stanpatectrial4</name>
				</company>
				
				<company>
					<id>7443</id>	
					<name>stanpatectrial5</name>
				</company>
				
				<company>
					<id>7448</id>	
					<name>stanpatectrial6</name>
				</company>
				
				<company>
					<id>7465</id>	
					<name>SANTE.A.4.002</name>
				</company>
				
				<company>
					<id>7505</id>	
					<name>jornada</name>
				</company>
				
				<company>
					<id>7585</id>	
					<name>ODR</name>
				</company>
				
				<company>
					<id>7945</id>	
					<name>iCosmic Stars Ltd.123</name>
				</company>
				
				<company>
					<id>8106</id>	
					<name>GROW ENT 1.1</name>
				</company>
				
				<company>
					<id>8125</id>	
					<name>GROW.R.3</name>
				</company>
				
				<company>
					<id>8126</id>	
					<name>SANCO.A.4.002</name>
				</company>
				
				<company>
					<id>8165</id>	
					<name>DIGIT.C.2.005</name>
				</company>
				
				<company>
					<id>8486</id>	
					<name>martina</name>
				</company>
				
				<company>
					<id>8605</id>	
					<name>UCO 2015</name>
				</company>
				
				<company>
					<id>8626</id>	
					<name>Lieferant</name>
				</company>
				
				<company>
					<id>8637</id>	
					<name>Lieferant_2</name>
				</company>
				
				<company>
					<id>8945</id>	
					<name>UCO 2015A</name>
				</company>
				
				<company>
					<id>8965</id>	
					<name>UCO 2015</name>
				</company>
				
				<company>
					<id>10025</id>	
					<name>GROW ENT 1.1 Sub-Organisation</name>
				</company>
				
				<company>
					<id>10105</id>	
					<name>SANCO.DDG1.B.2</name>
				</company>
				
				<company>
					<id>10106</id>	
					<name>GROW.I.4</name>
				</company>
				
				<company>
					<id>10167</id>	
					<name>Barbershop Beard</name>
				</company>
				
				<company>
					<id>10370</id>	
					<name>test sub-organisation</name>
				</company>
				
				<company>
					<id>10505</id>	
					<name>GROW TEST Suborg (change of name)</name>
				</company>
				
				<company>
					<id>10926</id>	
					<name>DEPARTMENT OF PHARMACY</name>
				</company>
				
				<company>
					<id>11068</id>	
					<name>SANTE.A.4</name>
				</company>
				
				<company>
					<id>11431</id>	
					<name>LucaTEST</name>
				</company>
				
				<company>
					<id>11448</id>	
					<name>GROW R3 (external)</name>
				</company>
				
				<company>
					<id>11590</id>	
					<name>Yellow Desire</name>
				</company>
				
				<company>
					<id>11725</id>	
					<name>[GROW APPLICATION SUPPORT]</name>
				</company>
				
				<company>
					<id>12109</id>	
					<name>DIGIT.B.4.001</name>
				</company>
				
				<company>
					<id>12165</id>	
					<name>Nextrasearch di Gasparetto Adolfo &amp; C., Sas</name>
				</company>
				
				<company>
					<id>12253</id>	
					<name>UCO2016-1</name>
				</company>
				
				<company>
					<id>12254</id>	
					<name>UCO2016-2</name>
				</company>
				
				<company>
					<id>12255</id>	
					<name>UCO2016</name>
				</company>
				
				<company>
					<id>12405</id>	
					<name>GROW.D.4</name>
				</company>
				
				<company>
					<id>12864</id>	
					<name>Test Majda</name>
				</company>
				
				<company>
					<id>12906</id>	
					<name>GROW TEST Distributor</name>
				</company>
				
				<company>
					<id>13209</id>	
					<name>EcoLinguae</name>
				</company>
				
				<company>
					<id>13265</id>	
					<name>GROW.D.4</name>
				</company>
				
				<company>
					<id>13267</id>	
					<name>EUCOSOFTWARE Benelux</name>
				</company>
				
				<company>
					<id>13268</id>	
					<name>BELGA SOFT NV</name>
				</company>
				
				<company>
					<id>13286</id>	
					<name>EcoLinguae</name>
				</company>
				
				<company>
					<id>13565</id>	
					<name>anthemis gmbh</name>
				</company>
				
				<company>
					<id>13645</id>	
					<name>GROW TEST Suborg 2</name>
				</company>
				
				<company>
					<id>13927</id>	
					<name>sub org test</name>
				</company>
				
				<company>
					<id>13985</id>	
					<name>Ruth Weaver BSc. (Hons) Medical Herbalist</name>
				</company>
				
				<company>
					<id>14265</id>	
					<name>MyNOTWeirdProducts</name>
				</company>
				
				<company>
					<id>14546</id>	
					<name>labo 1</name>
				</company>
				
				<company>
					<id>14547</id>	
					<name>labo 2</name>
				</company>
				
				<company>
					<id>14548</id>	
					<name>CORA</name>
				</company>
				
				<company>
					<id>14605</id>	
					<name>GROW TEST for SAAS-CPNP job TEST</name>
				</company>
				
				<company>
					<id>14630</id>	
					<name>benny</name>
				</company>
				
				<company>
					<id>14631</id>	
					<name>benny 1</name>
				</company>
				
				<company>
					<id>14633</id>	
					<name>benny4</name>
				</company>
				
				<company>
					<id>14865</id>	
					<name>UCO2017</name>
				</company>
				
				<company>
					<id>14965</id>	
					<name>MYtest</name>
				</company>
				
				<company>
					<id>14966</id>	
					<name>MYtest25</name>
				</company>
				
				<company>
					<id>15168</id>	
					<name>SUB MY WEIRD PRODUCTS</name>
				</company>
				
				<company>
					<id>15232</id>	
					<name>SUB TEST</name>
				</company>
				
				<company>
					<id>15237</id>	
					<name>GROW TEST 2018</name>
				</company>
				
				<company>
					<id>15247</id>	
					<name>sub weird</name>
				</company>
				
				<company>
					<id>15267</id>	
					<name>sub sub weird</name>
				</company>
				
				<company>
					<id>15385</id>	
					<name>frage</name>
				</company>
				
				<company>
					<id>15486</id>	
					<name>FANI COSMETIC</name>
				</company>
				
				<company>
					<id>15487</id>	
					<name>ORLANDO Test</name>
				</company>
				
				<company>
					<id>15488</id>	
					<name>ORLANDO Test</name>
				</company>
				
				<company>
					<id>15545</id>	
					<name>Esther Cosmics Benelux</name>
				</company>
				
				<company>
					<id>15546</id>	
					<name>Serge Kosmetic Belgium</name>
				</company>
				
				<company>
					<id>15566</id>	
					<name>Taipei Office</name>
				</company>
				
				<company>
					<id>15585</id>	
					<name>Orlandovski Products</name>
				</company>
				
				<company>
					<id>15647</id>	
					<name>Taiwan FDA</name>
				</company>
				
				<company>
					<id>16345</id>	
					<name>UCO 2018</name>
				</company>
				
				<company>
					<id>16385</id>	
					<name>SPORTING PORTUGAL</name>
				</company>
				
				<company>
					<id>16906</id>	
					<name>GROW RP FOR BREXIT TEST</name>
				</company>
				
				<company>
					<id>16907</id>	
					<name>POISON CENTER UK FOR BREXIT TEST</name>
				</company>
				
				<company>
					<id>16908</id>	
					<name>[POISON CENTERS]</name>
				</company>
				
				<company>
					<id>16909</id>	
					<name>[POISON CENTERS]</name>
				</company>
				
				<company>
					<id>16910</id>	
					<name>POISON CENTER UK FOR BREXIT TEST</name>
				</company>
				
				<company>
					<id>16925</id>	
					<name>[POISON CENTERS]</name>
				</company>
				
				<company>
					<id>16926</id>	
					<name>POISON CENTER UK FOR BREXIT TEST</name>
				</company>
				
				<company>
					<id>16946</id>	
					<name>Submarine 1</name>
				</company>
				
				<company>
					<id>16947</id>	
					<name>Submarine 2</name>
				</company>
				
				<company>
					<id>17125</id>	
					<name>Sub Or</name>
				</company>
				
				<company>
					<id>18985</id>	
					<name>CTPA Sub-org</name>
				</company>
				
				<company>
					<id>19268</id>	
					<name>POPAN Cosmetics</name>
				</company>
				
				<company>
					<id>19325</id>	
					<name>TAMARAN Cosmetics</name>
				</company>
				
				<company>
					<id>19326</id>	
					<name>RYELAPI Cosmetics</name>
				</company>
				
				<company>
					<id>19385</id>	
					<name>GUEBEMA Cosmetics</name>
				</company>
				
				<company>
					<id>19646</id>	
					<name>sub sub sub</name>
				</company>
				
				<company>
					<id>19765</id>	
					<name>UCO 2019</name>
				</company>
				
			</companyList>
			
