
			 	<?xml version="1.0" encoding="utf-8"?>
				<sanco-xmlgate:product>
					<sanco-xmlgate:productUUID>D277A052-B820-B0ED-90FCA646CB6451F6-7B27653DDF87C93255AF89F0F90A26C3</sanco-xmlgate:productUUID>
					<sanco-xmlgate:cpnpReference>2958112</sanco-xmlgate:cpnpReference>
					<sanco-xmlgate:industryReference>N/A</sanco-xmlgate:industryReference>
					<sanco-xmlgate:orgID>143173</sanco-xmlgate:orgID>					
					<sanco-xmlgate:status>DR</sanco-xmlgate:status> 
					<sanco-xmlgate:hasComponent>N</sanco-xmlgate:hasComponent>
					<sanco-xmlgate:currentVersion>
						<sanco-xmlgate:generalInfo>
							<sanco-xmlgate:productNameList>
								
									<sanco-xmlgate:productName>	
										<sanco-xmlgate:name>Toby&apos;s Skin Cream</sanco-xmlgate:name>	
										<sanco-xmlgate:shade></sanco-xmlgate:shade>
										<sanco-xmlgate:language>EN</sanco-xmlgate:language>						
									</sanco-xmlgate:productName>	
																			
							</sanco-xmlgate:productNameList>
							<sanco-xmlgate:contactID>-1</sanco-xmlgate:contactID>
							<sanco-xmlgate:orgID>143173</sanco-xmlgate:orgID>	
							<sanco-xmlgate:under3year>N</sanco-xmlgate:under3year>
							<sanco-xmlgate:mstCty>GB</sanco-xmlgate:mstCty>
							<sanco-xmlgate:imported>N</sanco-xmlgate:imported>	
							<sanco-xmlgate:importedCty></sanco-xmlgate:importedCty>
							<sanco-xmlgate:packagingPhoto>	
								
							</sanco-xmlgate:packagingPhoto>
							<sanco-xmlgate:labelPhoto>								
															
							</sanco-xmlgate:labelPhoto>
							<sanco-xmlgate:label></sanco-xmlgate:label>
							<sanco-xmlgate:isMixed></sanco-xmlgate:isMixed>
							<sanco-xmlgate:phMinValue></sanco-xmlgate:phMinValue>
							<sanco-xmlgate:phMaxValue></sanco-xmlgate:phMaxValue>
							<sanco-xmlgate:stillOnTheMarket></sanco-xmlgate:stillOnTheMarket>
							<sanco-xmlgate:readyForMarket>Y</sanco-xmlgate:readyForMarket>							
							<sanco-xmlgate:modificationType>DR</sanco-xmlgate:modificationType>
							<sanco-xmlgate:modificationComment></sanco-xmlgate:modificationComment>
							<sanco-xmlgate:modificationDate>2019-02-27T12:02:56.00</sanco-xmlgate:modificationDate>
						</sanco-xmlgate:generalInfo>						
						<sanco-xmlgate:componentList>
							 
							<sanco-xmlgate:component>
								<sanco-xmlgate:componentNameList>
																							
								</sanco-xmlgate:componentNameList>
								<sanco-xmlgate:hasCmr></sanco-xmlgate:hasCmr>
								<sanco-xmlgate:cmrList>
																						
								</sanco-xmlgate:cmrList>
								<sanco-xmlgate:hasNano></sanco-xmlgate:hasNano>
								<sanco-xmlgate:nanoList>
									<sanco-xmlgate:exposureCondition>-1</sanco-xmlgate:exposureCondition>
									<sanco-xmlgate:exposureRoute>
																				
									</sanco-xmlgate:exposureRoute>
																		
								</sanco-xmlgate:nanoList>								
								<sanco-xmlgate:categorie1>-2</sanco-xmlgate:categorie1>	
								<sanco-xmlgate:categorie2>-2</sanco-xmlgate:categorie2>
								<sanco-xmlgate:categorie3>-1</sanco-xmlgate:categorie3>	
								<sanco-xmlgate:physicalForm>-1</sanco-xmlgate:physicalForm>									
								<sanco-xmlgate:specialApplicator>N</sanco-xmlgate:specialApplicator>
								<sanco-xmlgate:applicator>-1</sanco-xmlgate:applicator>	
								
									<sanco-xmlgate:frameFormulation>-1</sanco-xmlgate:frameFormulation>
									<sanco-xmlgate:frameFormulationOther></sanco-xmlgate:frameFormulationOther>									
									<sanco-xmlgate:frameFormulationNumber></sanco-xmlgate:frameFormulationNumber>
									<sanco-xmlgate:acutePoisoningInfo></sanco-xmlgate:acutePoisoningInfo>									
									<sanco-xmlgate:notificationType>-1</sanco-xmlgate:notificationType>
									<sanco-xmlgate:hasEthanol></sanco-xmlgate:hasEthanol>
									<sanco-xmlgate:ethanolValue></sanco-xmlgate:ethanolValue>
									<sanco-xmlgate:isoPropanolValue></sanco-xmlgate:isoPropanolValue>
									
									<sanco-xmlgate:quetionList>
														
									</sanco-xmlgate:quetionList>
									<sanco-xmlgate:hasFormulaFile></sanco-xmlgate:hasFormulaFile>
									<sanco-xmlgate:formulaFile>
										<sanco-xmlgate:fileName></sanco-xmlgate:fileName>
										<sanco-xmlgate:file>https://webgate.ec.europa.eu/cpnp/main/index.cfm?event=main.product.productDoc&amp;identifier=-1</sanco-xmlgate:file>
									</sanco-xmlgate:formulaFile>
									<sanco-xmlgate:exactFormulaList>
														
									</sanco-xmlgate:exactFormulaList>							
									
									<sanco-xmlgate:rangeFormulaList>
														
									</sanco-xmlgate:rangeFormulaList>
								
								<sanco-xmlgate:packagingPhoto>
									
								</sanco-xmlgate:packagingPhoto>
								<sanco-xmlgate:labelPhoto>
																	
								</sanco-xmlgate:labelPhoto>
								<sanco-xmlgate:label></sanco-xmlgate:label> 
							</sanco-xmlgate:component>
							
						</sanco-xmlgate:componentList>
					</sanco-xmlgate:currentVersion>
					
					<sanco-xmlgate:versionList>
					
						<sanco-xmlgate:version>
							<sanco-xmlgate:generalInfo>
								<sanco-xmlgate:productNameList>
									
									<sanco-xmlgate:productName>	
										<sanco-xmlgate:name>Toby&apos;s Skin Cream</sanco-xmlgate:name>	
										<sanco-xmlgate:shade></sanco-xmlgate:shade>
										<sanco-xmlgate:language>EN</sanco-xmlgate:language>						
									</sanco-xmlgate:productName>	
													
								</sanco-xmlgate:productNameList>
								<sanco-xmlgate:contactID>-1</sanco-xmlgate:contactID>
								<sanco-xmlgate:orgID>143173</sanco-xmlgate:orgID>
								<sanco-xmlgate:under3year>N</sanco-xmlgate:under3year>	
								<sanco-xmlgate:mstCty>GB</sanco-xmlgate:mstCty>
								<sanco-xmlgate:imported>N</sanco-xmlgate:imported>	
								<sanco-xmlgate:importedCty></sanco-xmlgate:importedCty>
								<sanco-xmlgate:packagingPhoto>	
									
								</sanco-xmlgate:packagingPhoto>
								<sanco-xmlgate:labelPhoto>								
																
								</sanco-xmlgate:labelPhoto>
								<sanco-xmlgate:label></sanco-xmlgate:label>
								<sanco-xmlgate:isMixed></sanco-xmlgate:isMixed>
								<sanco-xmlgate:phMinValue></sanco-xmlgate:phMinValue>
								<sanco-xmlgate:phMaxValue></sanco-xmlgate:phMaxValue>
								<sanco-xmlgate:stillOnTheMarket></sanco-xmlgate:stillOnTheMarket>
								<sanco-xmlgate:readyForMarket>Y</sanco-xmlgate:readyForMarket>							
								<sanco-xmlgate:modificationType>DR</sanco-xmlgate:modificationType>
								<sanco-xmlgate:modificationComment></sanco-xmlgate:modificationComment>
								<sanco-xmlgate:modificationDate>2019-02-27T12:02:56.00</sanco-xmlgate:modificationDate>								
							</sanco-xmlgate:generalInfo>
							<sanco-xmlgate:componentList>
								 
									<sanco-xmlgate:component>
										<sanco-xmlgate:componentNameList>
																									
										</sanco-xmlgate:componentNameList>
										<sanco-xmlgate:hasCmr></sanco-xmlgate:hasCmr>
										<sanco-xmlgate:cmrList>
																								
										</sanco-xmlgate:cmrList>
										<sanco-xmlgate:hasNano></sanco-xmlgate:hasNano>										
										<sanco-xmlgate:nanoList>
											<sanco-xmlgate:exposureCondition>-1</sanco-xmlgate:exposureCondition>
											<sanco-xmlgate:exposureRoute>
																						
											</sanco-xmlgate:exposureRoute>
																				
										</sanco-xmlgate:nanoList>
										<sanco-xmlgate:categorie1>-2</sanco-xmlgate:categorie1>	
										<sanco-xmlgate:categorie2>-2</sanco-xmlgate:categorie2>
										<sanco-xmlgate:categorie3>-1</sanco-xmlgate:categorie3>	
										<sanco-xmlgate:physicalForm>-1</sanco-xmlgate:physicalForm>											
										<sanco-xmlgate:specialApplicator>N</sanco-xmlgate:specialApplicator>
										<sanco-xmlgate:applicator>-1</sanco-xmlgate:applicator>	
											
										
											<sanco-xmlgate:frameFormulation>-1</sanco-xmlgate:frameFormulation>
											<sanco-xmlgate:frameFormulationOther></sanco-xmlgate:frameFormulationOther>
											<sanco-xmlgate:frameFormulationNumber></sanco-xmlgate:frameFormulationNumber>
											<sanco-xmlgate:acutePoisoningInfo></sanco-xmlgate:acutePoisoningInfo>									
											<sanco-xmlgate:notificationType>-1</sanco-xmlgate:notificationType>
											<sanco-xmlgate:hasEthanol></sanco-xmlgate:hasEthanol>
											<sanco-xmlgate:ethanolValue></sanco-xmlgate:ethanolValue>
											<sanco-xmlgate:isoPropanolValue></sanco-xmlgate:isoPropanolValue>
											
											<sanco-xmlgate:quetionList>
																
											</sanco-xmlgate:quetionList>
											<sanco-xmlgate:hasFormulaFile></sanco-xmlgate:hasFormulaFile>
											<sanco-xmlgate:formulaFile>
												<sanco-xmlgate:fileName></sanco-xmlgate:fileName>
												<sanco-xmlgate:file>https://webgate.ec.europa.eu/cpnp/main/index.cfm?event=main.product.productDoc&amp;identifier=-1</sanco-xmlgate:file>
											</sanco-xmlgate:formulaFile>
											<sanco-xmlgate:exactFormulaList>
																
											</sanco-xmlgate:exactFormulaList>							
											
											<sanco-xmlgate:rangeFormulaList>
																
											</sanco-xmlgate:rangeFormulaList>										
										
										
										<sanco-xmlgate:packagingPhoto>	
											
										</sanco-xmlgate:packagingPhoto>
										<sanco-xmlgate:labelPhoto>								
																		
										</sanco-xmlgate:labelPhoto>
										<sanco-xmlgate:label></sanco-xmlgate:label> 
									</sanco-xmlgate:component>
								
							</sanco-xmlgate:componentList>
						</sanco-xmlgate:version>
						
					</sanco-xmlgate:versionList>										
				</sanco-xmlgate:product>
				
			
