
			 	<?xml version="1.0" encoding="utf-8"?>
				<sanco-xmlgate:product>
					<sanco-xmlgate:productUUID>5D8F949A-0222-9F7C-4172903FFF7DA36C</sanco-xmlgate:productUUID>
					<sanco-xmlgate:cpnpReference>1000094</sanco-xmlgate:cpnpReference>
					<sanco-xmlgate:industryReference>N/A</sanco-xmlgate:industryReference>
					<sanco-xmlgate:orgID>785</sanco-xmlgate:orgID>
					<sanco-xmlgate:status>AC</sanco-xmlgate:status>
					<sanco-xmlgate:hasComponent>N</sanco-xmlgate:hasComponent>
					<sanco-xmlgate:currentVersion>
						<sanco-xmlgate:generalInfo>
							<sanco-xmlgate:productNameList>

									<sanco-xmlgate:productName>
										<sanco-xmlgate:name>CTPA moisture conditioner</sanco-xmlgate:name>
										<sanco-xmlgate:shade></sanco-xmlgate:shade>
										<sanco-xmlgate:language>EN</sanco-xmlgate:language>
									</sanco-xmlgate:productName>

							</sanco-xmlgate:productNameList>
							<sanco-xmlgate:contactID>278</sanco-xmlgate:contactID>
							<sanco-xmlgate:orgID>785</sanco-xmlgate:orgID>
							<sanco-xmlgate:under3year>N</sanco-xmlgate:under3year>
							<sanco-xmlgate:mstCty>IE</sanco-xmlgate:mstCty>
							<sanco-xmlgate:imported>N</sanco-xmlgate:imported>
							<sanco-xmlgate:importedCty></sanco-xmlgate:importedCty>
							<sanco-xmlgate:packagingPhoto>

							</sanco-xmlgate:packagingPhoto>
							<sanco-xmlgate:labelPhoto>

							</sanco-xmlgate:labelPhoto>
							<sanco-xmlgate:label></sanco-xmlgate:label>
							<sanco-xmlgate:isMixed></sanco-xmlgate:isMixed>
							<sanco-xmlgate:phMinValue></sanco-xmlgate:phMinValue>
							<sanco-xmlgate:phMaxValue></sanco-xmlgate:phMaxValue>
							<sanco-xmlgate:stillOnTheMarket></sanco-xmlgate:stillOnTheMarket>
							<sanco-xmlgate:readyForMarket>Y</sanco-xmlgate:readyForMarket>
							<sanco-xmlgate:modificationType>UP</sanco-xmlgate:modificationType>
							<sanco-xmlgate:modificationComment></sanco-xmlgate:modificationComment>
							<sanco-xmlgate:modificationDate>2019-11-01T13:08:25.00</sanco-xmlgate:modificationDate>
						</sanco-xmlgate:generalInfo>
						<sanco-xmlgate:componentList>

							<sanco-xmlgate:component>
								<sanco-xmlgate:componentNameList>

								</sanco-xmlgate:componentNameList>
								<sanco-xmlgate:hasCmr>N</sanco-xmlgate:hasCmr>
								<sanco-xmlgate:cmrList>

								</sanco-xmlgate:cmrList>
								<sanco-xmlgate:hasNano>N</sanco-xmlgate:hasNano>
								<sanco-xmlgate:nanoList>
									<sanco-xmlgate:exposureCondition>-1</sanco-xmlgate:exposureCondition>
									<sanco-xmlgate:exposureRoute>

									</sanco-xmlgate:exposureRoute>

								</sanco-xmlgate:nanoList>
								<sanco-xmlgate:categorie1>255</sanco-xmlgate:categorie1>
								<sanco-xmlgate:categorie2>256</sanco-xmlgate:categorie2>
								<sanco-xmlgate:categorie3>262</sanco-xmlgate:categorie3>
								<sanco-xmlgate:physicalForm>4</sanco-xmlgate:physicalForm>
								<sanco-xmlgate:specialApplicator>N</sanco-xmlgate:specialApplicator>
								<sanco-xmlgate:applicator>-1</sanco-xmlgate:applicator>

									<sanco-xmlgate:frameFormulation>263</sanco-xmlgate:frameFormulation>
									<sanco-xmlgate:frameFormulationOther></sanco-xmlgate:frameFormulationOther>
									<sanco-xmlgate:frameFormulationNumber>10.4 - 2011</sanco-xmlgate:frameFormulationNumber>
									<sanco-xmlgate:acutePoisoningInfo></sanco-xmlgate:acutePoisoningInfo>
									<sanco-xmlgate:notificationType>1</sanco-xmlgate:notificationType>
									<sanco-xmlgate:hasEthanol></sanco-xmlgate:hasEthanol>
									<sanco-xmlgate:ethanolValue></sanco-xmlgate:ethanolValue>
									<sanco-xmlgate:isoPropanolValue></sanco-xmlgate:isoPropanolValue>

									<sanco-xmlgate:quetionList>

											<sanco-xmlgate:question>
												<sanco-xmlgate:questionID>26</sanco-xmlgate:questionID>

													<sanco-xmlgate:questionElement>
														<sanco-xmlgate:answerOrder>1</sanco-xmlgate:answerOrder>
														<sanco-xmlgate:answer>NA</sanco-xmlgate:answer>
														<sanco-xmlgate:elementID>1</sanco-xmlgate:elementID>
														<sanco-xmlgate:elementOrder>1</sanco-xmlgate:elementOrder>
													</sanco-xmlgate:questionElement>

											</sanco-xmlgate:question>

											<sanco-xmlgate:question>
												<sanco-xmlgate:questionID>27</sanco-xmlgate:questionID>

													<sanco-xmlgate:questionElement>
														<sanco-xmlgate:answerOrder>1</sanco-xmlgate:answerOrder>
														<sanco-xmlgate:answer>NA</sanco-xmlgate:answer>
														<sanco-xmlgate:elementID>1</sanco-xmlgate:elementID>
														<sanco-xmlgate:elementOrder>1</sanco-xmlgate:elementOrder>
													</sanco-xmlgate:questionElement>

											</sanco-xmlgate:question>

											<sanco-xmlgate:question>
												<sanco-xmlgate:questionID>11</sanco-xmlgate:questionID>

													<sanco-xmlgate:questionElement>
														<sanco-xmlgate:answerOrder>1</sanco-xmlgate:answerOrder>
														<sanco-xmlgate:answer>NA</sanco-xmlgate:answer>
														<sanco-xmlgate:elementID>1</sanco-xmlgate:elementID>
														<sanco-xmlgate:elementOrder>1</sanco-xmlgate:elementOrder>
													</sanco-xmlgate:questionElement>

											</sanco-xmlgate:question>

											<sanco-xmlgate:question>
												<sanco-xmlgate:questionID>12</sanco-xmlgate:questionID>

													<sanco-xmlgate:questionElement>
														<sanco-xmlgate:answerOrder>1</sanco-xmlgate:answerOrder>
														<sanco-xmlgate:answer>NA</sanco-xmlgate:answer>
														<sanco-xmlgate:elementID>1</sanco-xmlgate:elementID>
														<sanco-xmlgate:elementOrder>1</sanco-xmlgate:elementOrder>
													</sanco-xmlgate:questionElement>

											</sanco-xmlgate:question>

											<sanco-xmlgate:question>
												<sanco-xmlgate:questionID>13</sanco-xmlgate:questionID>

													<sanco-xmlgate:questionElement>
														<sanco-xmlgate:answerOrder>1</sanco-xmlgate:answerOrder>
														<sanco-xmlgate:answer>NA</sanco-xmlgate:answer>
														<sanco-xmlgate:elementID>1</sanco-xmlgate:elementID>
														<sanco-xmlgate:elementOrder>1</sanco-xmlgate:elementOrder>
													</sanco-xmlgate:questionElement>

											</sanco-xmlgate:question>

											<sanco-xmlgate:question>
												<sanco-xmlgate:questionID>24</sanco-xmlgate:questionID>

													<sanco-xmlgate:questionElement>
														<sanco-xmlgate:answerOrder>1</sanco-xmlgate:answerOrder>
														<sanco-xmlgate:answer>NA</sanco-xmlgate:answer>
														<sanco-xmlgate:elementID>1</sanco-xmlgate:elementID>
														<sanco-xmlgate:elementOrder>1</sanco-xmlgate:elementOrder>
													</sanco-xmlgate:questionElement>

											</sanco-xmlgate:question>

											<sanco-xmlgate:question>
												<sanco-xmlgate:questionID>25</sanco-xmlgate:questionID>

													<sanco-xmlgate:questionElement>
														<sanco-xmlgate:answerOrder>1</sanco-xmlgate:answerOrder>
														<sanco-xmlgate:answer>NA</sanco-xmlgate:answer>
														<sanco-xmlgate:elementID>1</sanco-xmlgate:elementID>
														<sanco-xmlgate:elementOrder>1</sanco-xmlgate:elementOrder>
													</sanco-xmlgate:questionElement>

											</sanco-xmlgate:question>

									</sanco-xmlgate:quetionList>
									<sanco-xmlgate:hasFormulaFile></sanco-xmlgate:hasFormulaFile>
									<sanco-xmlgate:formulaFile>
										<sanco-xmlgate:fileName></sanco-xmlgate:fileName>
										<sanco-xmlgate:file>https://webgate.acceptance.ec.europa.eu/cpnp/main/index.cfm?event=main.product.productDoc&amp;identifier=-1</sanco-xmlgate:file>
									</sanco-xmlgate:formulaFile>
									<sanco-xmlgate:exactFormulaList>

									</sanco-xmlgate:exactFormulaList>

									<sanco-xmlgate:rangeFormulaList>

									</sanco-xmlgate:rangeFormulaList>

								<sanco-xmlgate:packagingPhoto>

												<sanco-xmlgate:file>
													<sanco-xmlgate:title>conditioner bottle</sanco-xmlgate:title>
													<sanco-xmlgate:link>https://webgate.acceptance.ec.europa.eu/cpnp/main/index.cfm?event=main.document.getDocument&amp;identifier=16820&amp;isNew=false</sanco-xmlgate:link>
												</sanco-xmlgate:file>

								</sanco-xmlgate:packagingPhoto>
								<sanco-xmlgate:labelPhoto>

												<sanco-xmlgate:file>
													<sanco-xmlgate:title>Titanium dioxide draft entry.pdf</sanco-xmlgate:title>
													<sanco-xmlgate:link>https://webgate.acceptance.ec.europa.eu/cpnp/main/index.cfm?event=main.document.getDocument&amp;identifier=16821&amp;isNew=false</sanco-xmlgate:link>
												</sanco-xmlgate:file>

								</sanco-xmlgate:labelPhoto>
								<sanco-xmlgate:label></sanco-xmlgate:label>
							</sanco-xmlgate:component>

						</sanco-xmlgate:componentList>
					</sanco-xmlgate:currentVersion>

					<sanco-xmlgate:versionList>

						<sanco-xmlgate:version>
							<sanco-xmlgate:generalInfo>
								<sanco-xmlgate:productNameList>

									<sanco-xmlgate:productName>
										<sanco-xmlgate:name>CTPA moisture conditioner</sanco-xmlgate:name>
										<sanco-xmlgate:shade></sanco-xmlgate:shade>
										<sanco-xmlgate:language>EN</sanco-xmlgate:language>
									</sanco-xmlgate:productName>

								</sanco-xmlgate:productNameList>
								<sanco-xmlgate:contactID>278</sanco-xmlgate:contactID>
								<sanco-xmlgate:orgID>785</sanco-xmlgate:orgID>
								<sanco-xmlgate:under3year>N</sanco-xmlgate:under3year>
								<sanco-xmlgate:mstCty>IE</sanco-xmlgate:mstCty>
								<sanco-xmlgate:imported>N</sanco-xmlgate:imported>
								<sanco-xmlgate:importedCty></sanco-xmlgate:importedCty>
								<sanco-xmlgate:packagingPhoto>

								</sanco-xmlgate:packagingPhoto>
								<sanco-xmlgate:labelPhoto>

								</sanco-xmlgate:labelPhoto>
								<sanco-xmlgate:label></sanco-xmlgate:label>
								<sanco-xmlgate:isMixed></sanco-xmlgate:isMixed>
								<sanco-xmlgate:phMinValue></sanco-xmlgate:phMinValue>
								<sanco-xmlgate:phMaxValue></sanco-xmlgate:phMaxValue>
								<sanco-xmlgate:stillOnTheMarket></sanco-xmlgate:stillOnTheMarket>
								<sanco-xmlgate:readyForMarket>Y</sanco-xmlgate:readyForMarket>
								<sanco-xmlgate:modificationType>UP</sanco-xmlgate:modificationType>
								<sanco-xmlgate:modificationComment></sanco-xmlgate:modificationComment>
								<sanco-xmlgate:modificationDate>2019-11-01T13:08:25.00</sanco-xmlgate:modificationDate>
							</sanco-xmlgate:generalInfo>
							<sanco-xmlgate:componentList>

									<sanco-xmlgate:component>
										<sanco-xmlgate:componentNameList>

										</sanco-xmlgate:componentNameList>
										<sanco-xmlgate:hasCmr>N</sanco-xmlgate:hasCmr>
										<sanco-xmlgate:cmrList>

										</sanco-xmlgate:cmrList>
										<sanco-xmlgate:hasNano>N</sanco-xmlgate:hasNano>
										<sanco-xmlgate:nanoList>
											<sanco-xmlgate:exposureCondition>-1</sanco-xmlgate:exposureCondition>
											<sanco-xmlgate:exposureRoute>

											</sanco-xmlgate:exposureRoute>

										</sanco-xmlgate:nanoList>
										<sanco-xmlgate:categorie1>255</sanco-xmlgate:categorie1>
										<sanco-xmlgate:categorie2>256</sanco-xmlgate:categorie2>
										<sanco-xmlgate:categorie3>262</sanco-xmlgate:categorie3>
										<sanco-xmlgate:physicalForm>4</sanco-xmlgate:physicalForm>
										<sanco-xmlgate:specialApplicator>N</sanco-xmlgate:specialApplicator>
										<sanco-xmlgate:applicator>-1</sanco-xmlgate:applicator>


											<sanco-xmlgate:frameFormulation>263</sanco-xmlgate:frameFormulation>
											<sanco-xmlgate:frameFormulationOther></sanco-xmlgate:frameFormulationOther>
											<sanco-xmlgate:frameFormulationNumber>10.4 - 2011</sanco-xmlgate:frameFormulationNumber>
											<sanco-xmlgate:acutePoisoningInfo></sanco-xmlgate:acutePoisoningInfo>
											<sanco-xmlgate:notificationType>1</sanco-xmlgate:notificationType>
											<sanco-xmlgate:hasEthanol></sanco-xmlgate:hasEthanol>
											<sanco-xmlgate:ethanolValue></sanco-xmlgate:ethanolValue>
											<sanco-xmlgate:isoPropanolValue></sanco-xmlgate:isoPropanolValue>

											<sanco-xmlgate:quetionList>

													<sanco-xmlgate:question>
														<sanco-xmlgate:questionID>26</sanco-xmlgate:questionID>

															<sanco-xmlgate:questionElement>
																<sanco-xmlgate:answerOrder>1</sanco-xmlgate:answerOrder>
																<sanco-xmlgate:answer>NA</sanco-xmlgate:answer>
																<sanco-xmlgate:elementID>1</sanco-xmlgate:elementID>
																<sanco-xmlgate:elementOrder>1</sanco-xmlgate:elementOrder>
															</sanco-xmlgate:questionElement>

													</sanco-xmlgate:question>

													<sanco-xmlgate:question>
														<sanco-xmlgate:questionID>27</sanco-xmlgate:questionID>

															<sanco-xmlgate:questionElement>
																<sanco-xmlgate:answerOrder>1</sanco-xmlgate:answerOrder>
																<sanco-xmlgate:answer>NA</sanco-xmlgate:answer>
																<sanco-xmlgate:elementID>1</sanco-xmlgate:elementID>
																<sanco-xmlgate:elementOrder>1</sanco-xmlgate:elementOrder>
															</sanco-xmlgate:questionElement>

													</sanco-xmlgate:question>

													<sanco-xmlgate:question>
														<sanco-xmlgate:questionID>11</sanco-xmlgate:questionID>

															<sanco-xmlgate:questionElement>
																<sanco-xmlgate:answerOrder>1</sanco-xmlgate:answerOrder>
																<sanco-xmlgate:answer>NA</sanco-xmlgate:answer>
																<sanco-xmlgate:elementID>1</sanco-xmlgate:elementID>
																<sanco-xmlgate:elementOrder>1</sanco-xmlgate:elementOrder>
															</sanco-xmlgate:questionElement>

													</sanco-xmlgate:question>

													<sanco-xmlgate:question>
														<sanco-xmlgate:questionID>12</sanco-xmlgate:questionID>

															<sanco-xmlgate:questionElement>
																<sanco-xmlgate:answerOrder>1</sanco-xmlgate:answerOrder>
																<sanco-xmlgate:answer>NA</sanco-xmlgate:answer>
																<sanco-xmlgate:elementID>1</sanco-xmlgate:elementID>
																<sanco-xmlgate:elementOrder>1</sanco-xmlgate:elementOrder>
															</sanco-xmlgate:questionElement>

													</sanco-xmlgate:question>

													<sanco-xmlgate:question>
														<sanco-xmlgate:questionID>13</sanco-xmlgate:questionID>

															<sanco-xmlgate:questionElement>
																<sanco-xmlgate:answerOrder>1</sanco-xmlgate:answerOrder>
																<sanco-xmlgate:answer>NA</sanco-xmlgate:answer>
																<sanco-xmlgate:elementID>1</sanco-xmlgate:elementID>
																<sanco-xmlgate:elementOrder>1</sanco-xmlgate:elementOrder>
															</sanco-xmlgate:questionElement>

													</sanco-xmlgate:question>

													<sanco-xmlgate:question>
														<sanco-xmlgate:questionID>24</sanco-xmlgate:questionID>

															<sanco-xmlgate:questionElement>
																<sanco-xmlgate:answerOrder>1</sanco-xmlgate:answerOrder>
																<sanco-xmlgate:answer>NA</sanco-xmlgate:answer>
																<sanco-xmlgate:elementID>1</sanco-xmlgate:elementID>
																<sanco-xmlgate:elementOrder>1</sanco-xmlgate:elementOrder>
															</sanco-xmlgate:questionElement>

													</sanco-xmlgate:question>

													<sanco-xmlgate:question>
														<sanco-xmlgate:questionID>25</sanco-xmlgate:questionID>

															<sanco-xmlgate:questionElement>
																<sanco-xmlgate:answerOrder>1</sanco-xmlgate:answerOrder>
																<sanco-xmlgate:answer>NA</sanco-xmlgate:answer>
																<sanco-xmlgate:elementID>1</sanco-xmlgate:elementID>
																<sanco-xmlgate:elementOrder>1</sanco-xmlgate:elementOrder>
															</sanco-xmlgate:questionElement>

													</sanco-xmlgate:question>

											</sanco-xmlgate:quetionList>
											<sanco-xmlgate:hasFormulaFile></sanco-xmlgate:hasFormulaFile>
											<sanco-xmlgate:formulaFile>
												<sanco-xmlgate:fileName></sanco-xmlgate:fileName>
												<sanco-xmlgate:file>https://webgate.acceptance.ec.europa.eu/cpnp/main/index.cfm?event=main.product.productDoc&amp;identifier=-1</sanco-xmlgate:file>
											</sanco-xmlgate:formulaFile>
											<sanco-xmlgate:exactFormulaList>

											</sanco-xmlgate:exactFormulaList>

											<sanco-xmlgate:rangeFormulaList>

											</sanco-xmlgate:rangeFormulaList>


										<sanco-xmlgate:packagingPhoto>

										</sanco-xmlgate:packagingPhoto>
										<sanco-xmlgate:labelPhoto>

										</sanco-xmlgate:labelPhoto>
										<sanco-xmlgate:label></sanco-xmlgate:label>
									</sanco-xmlgate:component>

							</sanco-xmlgate:componentList>
						</sanco-xmlgate:version>

						<sanco-xmlgate:version>
							<sanco-xmlgate:generalInfo>
								<sanco-xmlgate:productNameList>

									<sanco-xmlgate:productName>
										<sanco-xmlgate:name>CTPA moisture conditioner</sanco-xmlgate:name>
										<sanco-xmlgate:shade></sanco-xmlgate:shade>
										<sanco-xmlgate:language>EN</sanco-xmlgate:language>
									</sanco-xmlgate:productName>

								</sanco-xmlgate:productNameList>
								<sanco-xmlgate:contactID>278</sanco-xmlgate:contactID>
								<sanco-xmlgate:orgID>785</sanco-xmlgate:orgID>
								<sanco-xmlgate:under3year>N</sanco-xmlgate:under3year>
								<sanco-xmlgate:mstCty>IE</sanco-xmlgate:mstCty>
								<sanco-xmlgate:imported>N</sanco-xmlgate:imported>
								<sanco-xmlgate:importedCty></sanco-xmlgate:importedCty>
								<sanco-xmlgate:packagingPhoto>

								</sanco-xmlgate:packagingPhoto>
								<sanco-xmlgate:labelPhoto>

								</sanco-xmlgate:labelPhoto>
								<sanco-xmlgate:label></sanco-xmlgate:label>
								<sanco-xmlgate:isMixed></sanco-xmlgate:isMixed>
								<sanco-xmlgate:phMinValue></sanco-xmlgate:phMinValue>
								<sanco-xmlgate:phMaxValue></sanco-xmlgate:phMaxValue>
								<sanco-xmlgate:stillOnTheMarket></sanco-xmlgate:stillOnTheMarket>
								<sanco-xmlgate:readyForMarket>Y</sanco-xmlgate:readyForMarket>
								<sanco-xmlgate:modificationType>AC</sanco-xmlgate:modificationType>
								<sanco-xmlgate:modificationComment></sanco-xmlgate:modificationComment>
								<sanco-xmlgate:modificationDate>2019-11-01T13:08:25.00</sanco-xmlgate:modificationDate>
							</sanco-xmlgate:generalInfo>
							<sanco-xmlgate:componentList>

									<sanco-xmlgate:component>
										<sanco-xmlgate:componentNameList>

										</sanco-xmlgate:componentNameList>
										<sanco-xmlgate:hasCmr>N</sanco-xmlgate:hasCmr>
										<sanco-xmlgate:cmrList>

										</sanco-xmlgate:cmrList>
										<sanco-xmlgate:hasNano>N</sanco-xmlgate:hasNano>
										<sanco-xmlgate:nanoList>
											<sanco-xmlgate:exposureCondition>-1</sanco-xmlgate:exposureCondition>
											<sanco-xmlgate:exposureRoute>

											</sanco-xmlgate:exposureRoute>

										</sanco-xmlgate:nanoList>
										<sanco-xmlgate:categorie1>255</sanco-xmlgate:categorie1>
										<sanco-xmlgate:categorie2>256</sanco-xmlgate:categorie2>
										<sanco-xmlgate:categorie3>262</sanco-xmlgate:categorie3>
										<sanco-xmlgate:physicalForm>4</sanco-xmlgate:physicalForm>
										<sanco-xmlgate:specialApplicator>N</sanco-xmlgate:specialApplicator>
										<sanco-xmlgate:applicator>-1</sanco-xmlgate:applicator>


											<sanco-xmlgate:frameFormulation>263</sanco-xmlgate:frameFormulation>
											<sanco-xmlgate:frameFormulationOther></sanco-xmlgate:frameFormulationOther>
											<sanco-xmlgate:frameFormulationNumber>10.4 - 2011</sanco-xmlgate:frameFormulationNumber>
											<sanco-xmlgate:acutePoisoningInfo></sanco-xmlgate:acutePoisoningInfo>
											<sanco-xmlgate:notificationType>1</sanco-xmlgate:notificationType>
											<sanco-xmlgate:hasEthanol></sanco-xmlgate:hasEthanol>
											<sanco-xmlgate:ethanolValue></sanco-xmlgate:ethanolValue>
											<sanco-xmlgate:isoPropanolValue></sanco-xmlgate:isoPropanolValue>

											<sanco-xmlgate:quetionList>

													<sanco-xmlgate:question>
														<sanco-xmlgate:questionID>26</sanco-xmlgate:questionID>

															<sanco-xmlgate:questionElement>
																<sanco-xmlgate:answerOrder>1</sanco-xmlgate:answerOrder>
																<sanco-xmlgate:answer>NA</sanco-xmlgate:answer>
																<sanco-xmlgate:elementID>1</sanco-xmlgate:elementID>
																<sanco-xmlgate:elementOrder>1</sanco-xmlgate:elementOrder>
															</sanco-xmlgate:questionElement>

													</sanco-xmlgate:question>

													<sanco-xmlgate:question>
														<sanco-xmlgate:questionID>27</sanco-xmlgate:questionID>

															<sanco-xmlgate:questionElement>
																<sanco-xmlgate:answerOrder>1</sanco-xmlgate:answerOrder>
																<sanco-xmlgate:answer>NA</sanco-xmlgate:answer>
																<sanco-xmlgate:elementID>1</sanco-xmlgate:elementID>
																<sanco-xmlgate:elementOrder>1</sanco-xmlgate:elementOrder>
															</sanco-xmlgate:questionElement>

													</sanco-xmlgate:question>

													<sanco-xmlgate:question>
														<sanco-xmlgate:questionID>11</sanco-xmlgate:questionID>

															<sanco-xmlgate:questionElement>
																<sanco-xmlgate:answerOrder>1</sanco-xmlgate:answerOrder>
																<sanco-xmlgate:answer>NA</sanco-xmlgate:answer>
																<sanco-xmlgate:elementID>1</sanco-xmlgate:elementID>
																<sanco-xmlgate:elementOrder>1</sanco-xmlgate:elementOrder>
															</sanco-xmlgate:questionElement>

													</sanco-xmlgate:question>

													<sanco-xmlgate:question>
														<sanco-xmlgate:questionID>12</sanco-xmlgate:questionID>

															<sanco-xmlgate:questionElement>
																<sanco-xmlgate:answerOrder>1</sanco-xmlgate:answerOrder>
																<sanco-xmlgate:answer>NA</sanco-xmlgate:answer>
																<sanco-xmlgate:elementID>1</sanco-xmlgate:elementID>
																<sanco-xmlgate:elementOrder>1</sanco-xmlgate:elementOrder>
															</sanco-xmlgate:questionElement>

													</sanco-xmlgate:question>

													<sanco-xmlgate:question>
														<sanco-xmlgate:questionID>13</sanco-xmlgate:questionID>

															<sanco-xmlgate:questionElement>
																<sanco-xmlgate:answerOrder>1</sanco-xmlgate:answerOrder>
																<sanco-xmlgate:answer>NA</sanco-xmlgate:answer>
																<sanco-xmlgate:elementID>1</sanco-xmlgate:elementID>
																<sanco-xmlgate:elementOrder>1</sanco-xmlgate:elementOrder>
															</sanco-xmlgate:questionElement>

													</sanco-xmlgate:question>

													<sanco-xmlgate:question>
														<sanco-xmlgate:questionID>24</sanco-xmlgate:questionID>

															<sanco-xmlgate:questionElement>
																<sanco-xmlgate:answerOrder>1</sanco-xmlgate:answerOrder>
																<sanco-xmlgate:answer>NA</sanco-xmlgate:answer>
																<sanco-xmlgate:elementID>1</sanco-xmlgate:elementID>
																<sanco-xmlgate:elementOrder>1</sanco-xmlgate:elementOrder>
															</sanco-xmlgate:questionElement>

													</sanco-xmlgate:question>

													<sanco-xmlgate:question>
														<sanco-xmlgate:questionID>25</sanco-xmlgate:questionID>

															<sanco-xmlgate:questionElement>
																<sanco-xmlgate:answerOrder>1</sanco-xmlgate:answerOrder>
																<sanco-xmlgate:answer>NA</sanco-xmlgate:answer>
																<sanco-xmlgate:elementID>1</sanco-xmlgate:elementID>
																<sanco-xmlgate:elementOrder>1</sanco-xmlgate:elementOrder>
															</sanco-xmlgate:questionElement>

													</sanco-xmlgate:question>

											</sanco-xmlgate:quetionList>
											<sanco-xmlgate:hasFormulaFile></sanco-xmlgate:hasFormulaFile>
											<sanco-xmlgate:formulaFile>
												<sanco-xmlgate:fileName></sanco-xmlgate:fileName>
												<sanco-xmlgate:file>https://webgate.acceptance.ec.europa.eu/cpnp/main/index.cfm?event=main.product.productDoc&amp;identifier=-1</sanco-xmlgate:file>
											</sanco-xmlgate:formulaFile>
											<sanco-xmlgate:exactFormulaList>

											</sanco-xmlgate:exactFormulaList>

											<sanco-xmlgate:rangeFormulaList>

											</sanco-xmlgate:rangeFormulaList>


										<sanco-xmlgate:packagingPhoto>

										</sanco-xmlgate:packagingPhoto>
										<sanco-xmlgate:labelPhoto>

										</sanco-xmlgate:labelPhoto>
										<sanco-xmlgate:label></sanco-xmlgate:label>
									</sanco-xmlgate:component>

							</sanco-xmlgate:componentList>
						</sanco-xmlgate:version>

					</sanco-xmlgate:versionList>
				</sanco-xmlgate:product>


